rank,product_id,price,level,total_yellow,pulls_total,role_score_total,weapon_score_total,strength_score,value_score,matched_tier_roles,unmatched_roles_count,tier_breakdown,weapon_breakdown
1,35196500,80,64,24,0.66,718.35,293.00,1012.01,12.650,9,13,散华:T2@6鸣=33.6 | 卜灵:T2@4鸣=10.75 | 维里奈:T1@2鸣=68.0 | 绯雪:T0@0鸣=111.0 | 西格莉卡:T0@0鸣=111.0 | 莫宁:T0.5@0鸣=75.0 | 琳奈:T0@0鸣=111.0 | 千咲:T0.5@0鸣=90.0 | 守岸人:T0@0鸣=108.0,血誓盟约:standard->常驻@5鸣=43.0 | 灼霜:signature->绯雪@1鸣=60.0 | 昭日译注:signature->西格莉卡@1鸣=60.0 | 宙算仪轨:signature->莫宁@1鸣=50.0 | 溢彩荧辉:signature->琳奈@1鸣=60.0 | 源能机锋:standard->常驻@1鸣=20.0
2,35473797,50,50,12,12.56,440.60,90.00,543.16,10.863,7,13,散华:T2@6鸣=33.6 | 达妮娅:T0.5@0鸣=85.0 | 奥古斯塔:T0.5@0鸣=99.0 | 露帕:T0.5@0鸣=70.0 | 守岸人:T0@0鸣=108.0 | 维里奈:T1@0鸣=40.0 | 卜灵:T2@0鸣=5.0,驭冕铸雷之权:signature->奥古斯塔@1鸣=50.0 | 血誓盟约:standard->常驻@1鸣=20.0 | 千古洑流:signature->今汐@1鸣=10.0 | 千古洑流:signature->今汐@1鸣=10.0
3,35029382,60,53,22,0.48,288.30,239.00,527.78,8.796,6,12,散华:T2@3鸣=27.3 | 赞妮:T1@1鸣=56.0 | 陆·赫斯:T0.5@0鸣=70.0 | 仇远:T1@0鸣=55.0 | 椿:T1@0鸣=40.0 | 维里奈:T1@0鸣=40.0,血誓盟约:standard->常驻@4鸣=39.0 | 白昼之脊:signature->陆·赫斯@1鸣=50.0 | 裁竹:signature->仇远@1鸣=30.0 | 焰光裁定:signature->赞妮@1鸣=30.0 | 裁春:signature->椿@1鸣=30.0 | 浩境粼光:standard->常驻@1鸣=20.0 | 千古洑流:signature->今汐@1鸣=10.0 | 千古洑流:signature->今汐@1鸣=10.0 | 漪澜浮录:standard->常驻@1鸣=20.0
4,35698165,100,64,18,0.15,576.10,274.00,850.25,8.502,8,13,散华:T2@4鸣=30.1 | 卜灵:T2@1鸣=7.0 | 绯雪:T0@0鸣=111.0 | 琳奈:T0@0鸣=111.0 | 千咲:T0.5@0鸣=90.0 | 尤诺:T0.5@0鸣=79.0 | 守岸人:T0@0鸣=108.0 | 维里奈:T1@0鸣=40.0,血誓盟约:standard->常驻@3鸣=34.0 | 灼霜:signature->绯雪@1鸣=60.0 | 相位涟漪:standard->常驻@1鸣=20.0 | 昙切:signature->千咲@1鸣=50.0 | 万物持存的注释:signature->尤诺@1鸣=50.0 | 星序协响:signature->守岸人@1鸣=60.0
5,35586356,85,64,18,17.59,476.80,220.00,714.39,8.405,7,12,维里奈:T1@2鸣=68.0 | 散华:T2@2鸣=23.8 | 琳奈:T0@0鸣=111.0 | 千咲:T0.5@0鸣=90.0 | 卡提希娅:T0.5@0鸣=89.0 | 夏空:T1@0鸣=55.0 | 赞妮:T1@0鸣=40.0,溢彩荧辉:signature->琳奈@1鸣=60.0 | 昙切:signature->千咲@1鸣=50.0 | 不屈命定之冠:signature->卡提希娅@1鸣=50.0 | 血誓盟约:standard->常驻@1鸣=20.0 | 停驻之烟:standard->常驻@1鸣=20.0 | 擎渊怒涛:standard->常驻@1鸣=20.0
6,35706803,130,75,35,0.06,698.60,387.00,1085.66,8.351,14,13,卜灵:T2@5鸣=11.5 | 散华:T2@4鸣=30.1 | 绯雪:T0@0鸣=111.0 | 千咲:T0.5@0鸣=90.0 | 弗洛洛:T0.5@0鸣=99.0 | 卡提希娅:T0.5@0鸣=89.0 | 赞妮:T1@0鸣=40.0 | 守岸人:T0@0鸣=108.0 | 相里要:T2@0鸣=16.0 | 折枝:T2@0鸣=19.0 | 长离:T1@0鸣=28.0 | 今汐:T2@0鸣=10.0 | 吟霖:T2@0鸣=7.0 | 维里奈:T1@0鸣=40.0,血誓盟约:standard->常驻@5鸣=43.0 | 千古洑流:signature->今汐@2鸣=14.0 | 灼霜:signature->绯雪@1鸣=60.0 | 相位涟漪:standard->常驻@1鸣=20.0 | 昙切:signature->千咲@1鸣=50.0 | 不屈命定之冠:signature->卡提希娅@1鸣=50.0 | 焰光裁定:signature->赞妮@1鸣=30.0 | 星序协响:signature->守岸人@1鸣=60.0 | 琼枝冰绡:signature->折枝@1鸣=10.0 | 赫奕流明:signature->长离@1鸣=30.0 | 时和岁稔:standard->常驻@1鸣=20.0
7,34849376,65,58,16,76.64,341.20,123.00,540.84,8.321,5,13,散华:T2@5鸣=32.2 | 维里奈:T1@2鸣=68.0 | 西格莉卡:T0@0鸣=111.0 | 千咲:T0.5@0鸣=90.0 | 菲比:T1@0鸣=40.0,血誓盟约:standard->常驻@5鸣=43.0 | 昙切:signature->千咲@1鸣=50.0 | 和光回唱:signature->菲比@1鸣=30.0
8,35622973,110,63,22,3.65,776.60,118.00,898.25,8.166,10,14,卜灵:T2@6鸣=12.0 | 散华:T2@6鸣=33.6 | 达妮娅:T0.5@0鸣=85.0 | 绯雪:T0@0鸣=111.0 | 西格莉卡:T0@0鸣=111.0 | 琳奈:T0@0鸣=111.0 | 嘉贝莉娜:T0.5@0鸣=70.0 | 弗洛洛:T0.5@0鸣=99.0 | 卡提希娅:T0.5@0鸣=89.0 | 坎特蕾拉:T1@0鸣=55.0,血誓盟约:standard->常驻@2鸣=28.0 | 赝作的矮星:signature->达妮娅@1鸣=50.0 | 停驻之烟:standard->常驻@1鸣=20.0 | 漪澜浮录:standard->常驻@1鸣=20.0
9,35535674,115,80,32,32.96,647.80,240.00,920.76,8.007,12,13,散华:T2@6鸣=33.6 | 守岸人:T0@1鸣=151.2 | 今汐:T2@1鸣=14.0 | 维里奈:T1@1鸣=56.0 | 尤诺:T0.5@0鸣=79.0 | 卡提希娅:T0.5@0鸣=89.0 | 坎特蕾拉:T1@0鸣=55.0 | 菲比:T1@0鸣=40.0 | 珂莱塔:T1@0鸣=55.0 | 椿:T1@0鸣=40.0 | 相里要:T2@0鸣=16.0 | 折枝:T2@0鸣=19.0,万物持存的注释:signature->尤诺@1鸣=50.0 | 海的呢喃:signature->坎特蕾拉@1鸣=30.0 | 和光回唱:signature->菲比@1鸣=30.0 | 死与舞:signature->珂莱塔@1鸣=30.0 | 诸方玄枢:signature->相里要@1鸣=10.0 | 时和岁稔:standard->常驻@1鸣=20.0 | 血誓盟约:standard->常驻@1鸣=20.0 | 浩境粼光:standard->常驻@1鸣=20.0 | 千古洑流:signature->今汐@1鸣=10.0 | 漪澜浮录:standard->常驻@1鸣=20.0
10,35112357,150,80,30,13.36,869.10,318.00,1200.46,8.003,12,13,散华:T2@6鸣=33.6 | 维里奈:T1@2鸣=68.0 | 卜灵:T2@2鸣=8.5 | 千咲:T0.5@1鸣=126.0 | 绯雪:T0@0鸣=111.0 | 琳奈:T0@0鸣=111.0 | 尤诺:T0.5@0鸣=79.0 | 卡提希娅:T0.5@0鸣=89.0 | 赞妮:T1@0鸣=40.0 | 坎特蕾拉:T1@0鸣=55.0 | 菲比:T1@0鸣=40.0 | 守岸人:T0@0鸣=108.0,血誓盟约:standard->常驻@2鸣=28.0 | 灼霜:signature->绯雪@1鸣=60.0 | 昙切:signature->千咲@1鸣=50.0 | 不屈命定之冠:signature->卡提希娅@1鸣=50.0 | 焰光裁定:signature->赞妮@1鸣=30.0 | 海的呢喃:signature->坎特蕾拉@1鸣=30.0 | 千古洑流:signature->今汐@1鸣=10.0 | 停驻之烟:standard->常驻@1鸣=20.0 | 擎渊怒涛:standard->常驻@1鸣=20.0 | 漪澜浮录:standard->常驻@1鸣=20.0
11,33672237,130,80,33,0.66,778.60,254.00,1033.26,7.948,13,14,散华:T2@6鸣=33.6 | 维里奈:T1@2鸣=68.0 | 珂莱塔:T1@1鸣=77.0 | 今汐:T2@1鸣=14.0 | 琳奈:T0@0鸣=111.0 | 千咲:T0.5@0鸣=90.0 | 弗洛洛:T0.5@0鸣=99.0 | 卡提希娅:T0.5@0鸣=89.0 | 椿:T1@0鸣=40.0 | 守岸人:T0@0鸣=108.0 | 相里要:T2@0鸣=16.0 | 长离:T1@0鸣=28.0 | 卜灵:T2@0鸣=5.0,不屈命定之冠:signature->卡提希娅@2鸣=70.0 | 千古洑流:signature->今汐@2鸣=14.0 | 死与舞:signature->珂莱塔@1鸣=30.0 | 裁春:signature->椿@1鸣=30.0 | 星序协响:signature->守岸人@1鸣=60.0 | 时和岁稔:standard->常驻@1鸣=20.0 | 苍鳞千嶂:signature->忌炎@1鸣=10.0 | 血誓盟约:standard->常驻@1鸣=20.0
12,35727655,130,68,21,28.18,664.15,320.00,1012.32,7.787,8,12,散华:T2@6鸣=33.6 | 卜灵:T2@4鸣=10.75 | 绯雪:T0@1鸣=155.4 | 西格莉卡:T0@1鸣=155.4 | 维里奈:T1@1鸣=56.0 | 千咲:T0.5@0鸣=90.0 | 仇远:T1@0鸣=55.0 | 守岸人:T0@0鸣=108.0,灼霜:signature->绯雪@1鸣=60.0 | 昭日译注:signature->西格莉卡@1鸣=60.0 | 昙切:signature->千咲@1鸣=50.0 | 星序协响:signature->守岸人@1鸣=60.0 | 血誓盟约:standard->常驻@1鸣=20.0 | 千古洑流:signature->今汐@1鸣=10.0 | 擎渊怒涛:standard->常驻@1鸣=20.0 | 擎渊怒涛:standard->常驻@1鸣=20.0 | 漪澜浮录:standard->常驻@1鸣=20.0
13,35939793,126,73,38,3.24,653.40,293.00,949.64,7.537,12,4,相里要:T2@1鸣=22.4 | 维里奈:T1@1鸣=56.0 | 琳奈:T0@0鸣=111.0 | 仇远:T1@0鸣=55.0 | 嘉贝莉娜:T0.5@0鸣=70.0 | 尤诺:T0.5@0鸣=79.0 | 珂莱塔:T1@0鸣=55.0 | 椿:T1@0鸣=40.0 | 守岸人:T0@0鸣=108.0 | 折枝:T2@0鸣=19.0 | 长离:T1@0鸣=28.0 | 今汐:T2@0鸣=10.0,血誓盟约:standard->常驻@5鸣=43.0 | 溢彩荧辉:signature->琳奈@1鸣=60.0 | 源能机锋:standard->常驻@1鸣=20.0 | 光影双生:signature->嘉贝莉娜@1鸣=50.0 | 诸方玄枢:signature->相里要@1鸣=10.0 | 琼枝冰绡:signature->折枝@1鸣=10.0 | 时和岁稔:standard->常驻@1鸣=20.0 | 掣傀之手:signature->吟霖@1鸣=10.0 | 浩境粼光:standard->常驻@1鸣=20.0 | 千古洑流:signature->今汐@1鸣=10.0 | 停驻之烟:standard->常驻@1鸣=20.0 | 漪澜浮录:standard->常驻@1鸣=20.0
14,35257796,130,75,30,1.29,730.60,243.00,974.89,7.499,10,13,散华:T2@6鸣=33.6 | 仇远:T1@2鸣=93.5 | 卜灵:T2@2鸣=8.5 | 嘉贝莉娜:T0.5@1鸣=98.0 | 维里奈:T1@1鸣=56.0 | 绯雪:T0@0鸣=111.0 | 西格莉卡:T0@0鸣=111.0 | 千咲:T0.5@0鸣=90.0 | 卡提希娅:T0.5@0鸣=89.0 | 椿:T1@0鸣=40.0,血誓盟约:standard->常驻@5鸣=43.0 | 裁竹:signature->仇远@1鸣=30.0 | 光影双生:signature->嘉贝莉娜@1鸣=50.0 | 不屈命定之冠:signature->卡提希娅@1鸣=50.0 | 裁春:signature->椿@1鸣=30.0 | 千古洑流:signature->今汐@1鸣=10.0 | 千古洑流:signature->今汐@1鸣=10.0 | 停驻之烟:standard->常驻@1鸣=20.0
15,35892961,105,65,26,0.54,531.00,250.00,781.54,7.443,10,2,琳奈:T0@0鸣=111.0 | 卡提希娅:T0.5@0鸣=89.0 | 夏空:T1@0鸣=55.0 | 珂莱塔:T1@0鸣=55.0 | 守岸人:T0@0鸣=108.0 | 相里要:T2@0鸣=16.0 | 折枝:T2@0鸣=19.0 | 长离:T1@0鸣=28.0 | 今汐:T2@0鸣=10.0 | 维里奈:T1@0鸣=40.0,死与舞:signature->珂莱塔@2鸣=42.0 | 血誓盟约:standard->常驻@2鸣=28.0 | 溢彩荧辉:signature->琳奈@1鸣=60.0 | 赫奕流明:signature->长离@1鸣=30.0 | 时和岁稔:standard->常驻@1鸣=20.0 | 浩境粼光:standard->常驻@1鸣=20.0 | 千古洑流:signature->今汐@1鸣=10.0 | 擎渊怒涛:standard->常驻@1鸣=20.0 | 漪澜浮录:standard->常驻@1鸣=20.0
16,30273015,110,80,35,0.00,515.60,302.00,817.60,7.433,9,15,散华:T2@6鸣=33.6 | 椿:T1@2鸣=68.0 | 今汐:T2@1鸣=14.0 | 维里奈:T1@1鸣=56.0 | 千咲:T0.5@0鸣=90.0 | 奥古斯塔:T0.5@0鸣=99.0 | 守岸人:T0@0鸣=108.0 | 折枝:T2@0鸣=19.0 | 长离:T1@0鸣=28.0,漪澜浮录:standard->常驻@3鸣=34.0 | 时和岁稔:standard->常驻@2鸣=28.0 | 驭冕铸雷之权:signature->奥古斯塔@1鸣=50.0 | 裁春:signature->椿@1鸣=30.0 | 星序协响:signature->守岸人@1鸣=60.0 | 琼枝冰绡:signature->折枝@1鸣=10.0 | 血誓盟约:standard->常驻@1鸣=20.0 | 浩境粼光:standard->常驻@1鸣=20.0 | 千古洑流:signature->今汐@1鸣=10.0 | 停驻之烟:standard->常驻@1鸣=20.0 | 擎渊怒涛:standard->常驻@1鸣=20.0
17,35945317,144,71,33,9.56,785.60,264.00,1059.16,7.355,11,3,维里奈:T1@2鸣=68.0 | 卡提希娅:T0.5@1鸣=124.6 | 赞妮:T1@1鸣=56.0 | 坎特蕾拉:T1@1鸣=77.0 | 琳奈:T0@0鸣=111.0 | 千咲:T0.5@0鸣=90.0 | 仇远:T1@0鸣=55.0 | 奥古斯塔:T0.5@0鸣=99.0 | 菲比:T1@0鸣=40.0 | 珂莱塔:T1@0鸣=55.0 | 今汐:T2@0鸣=10.0,血誓盟约:standard->常驻@3鸣=34.0 | 相位涟漪:standard->常驻@1鸣=20.0 | 昙切:signature->千咲@1鸣=50.0 | 裁竹:signature->仇远@1鸣=30.0 | 海的呢喃:signature->坎特蕾拉@1鸣=30.0 | 星序协响:signature->守岸人@1鸣=60.0 | 苍鳞千嶂:signature->忌炎@1鸣=10.0 | 千古洑流:signature->今汐@1鸣=10.0 | 擎渊怒涛:standard->常驻@1鸣=20.0
18,35777377,130,76,24,4.15,636.80,299.00,939.95,7.230,8,12,维里奈:T1@2鸣=68.0 | 散华:T2@2鸣=23.8 | 坎特蕾拉:T1@1鸣=77.0 | 西格莉卡:T0@0鸣=111.0 | 千咲:T0.5@0鸣=90.0 | 尤诺:T0.5@0鸣=79.0 | 奥古斯塔:T0.5@0鸣=99.0 | 卡提希娅:T0.5@0鸣=89.0,血誓盟约:standard->常驻@4鸣=39.0 | 永远的启明星:signature->爱弥斯@1鸣=60.0 | 昙切:signature->千咲@1鸣=50.0 | 万物持存的注释:signature->尤诺@1鸣=50.0 | 驭冕铸雷之权:signature->奥古斯塔@1鸣=50.0 | 海的呢喃:signature->坎特蕾拉@1鸣=30.0 | 千古洑流:signature->今汐@1鸣=10.0 | 千古洑流:signature->今汐@1鸣=10.0
19,35487773,150,80,32,3.08,829.35,248.00,1080.43,7.203,14,14,散华:T2@6鸣=33.6 | 卜灵:T2@4鸣=10.75 | 今汐:T2@1鸣=14.0 | 维里奈:T1@1鸣=56.0 | 绯雪:T0@0鸣=111.0 | 西格莉卡:T0@0鸣=111.0 | 琳奈:T0@0鸣=111.0 | 尤诺:T0.5@0鸣=79.0 | 奥古斯塔:T0.5@0鸣=99.0 | 露帕:T0.5@0鸣=70.0 | 卡提希娅:T0.5@0鸣=89.0 | 折枝:T2@0鸣=19.0 | 吟霖:T2@0鸣=7.0 | 忌炎:T2@0鸣=19.0,相位涟漪:standard->常驻@2鸣=28.0 | 昭日译注:signature->西格莉卡@1鸣=60.0 | 不屈命定之冠:signature->卡提希娅@1鸣=50.0 | 时和岁稔:standard->常驻@1鸣=20.0 | 掣傀之手:signature->吟霖@1鸣=10.0 | 苍鳞千嶂:signature->忌炎@1鸣=10.0 | 血誓盟约:standard->常驻@1鸣=20.0 | 千古洑流:signature->今汐@1鸣=10.0 | 擎渊怒涛:standard->常驻@1鸣=20.0 | 漪澜浮录:standard->常驻@1鸣=20.0
20,34964442,125,63,21,60.86,693.40,139.00,893.26,7.146,9,13,散华:T2@6鸣=33.6 | 卡提希娅:T0.5@2鸣=151.3 | 卜灵:T2@2鸣=8.5 | 西格莉卡:T0@0鸣=111.0 | 莫宁:T0.5@0鸣=75.0 | 琳奈:T0@0鸣=111.0 | 夏空:T1@0鸣=55.0 | 守岸人:T0@0鸣=108.0 | 维里奈:T1@0鸣=40.0,血誓盟约:standard->常驻@4鸣=39.0 | 脉冲协臂:standard->常驻@1鸣=20.0 | 不屈命定之冠:signature->卡提希娅@1鸣=50.0 | 千古洑流:signature->今汐@1鸣=10.0 | 停驻之烟:standard->常驻@1鸣=20.0
21,31084142,80,53,18,3.36,350.30,210.00,563.66,7.046,6,13,散华:T2@3鸣=27.3 | 维里奈:T1@1鸣=56.0 | 嘉贝莉娜:T0.5@0鸣=70.0 | 尤诺:T0.5@0鸣=79.0 | 奥古斯塔:T0.5@0鸣=99.0 | 忌炎:T2@0鸣=19.0,万物持存的注释:signature->尤诺@1鸣=50.0 | 驭冕铸雷之权:signature->奥古斯塔@1鸣=50.0 | 苍鳞千嶂:signature->忌炎@1鸣=10.0 | 血誓盟约:standard->常驻@1鸣=20.0 | 千古洑流:signature->今汐@1鸣=10.0 | 千古洑流:signature->今汐@1鸣=10.0 | 停驻之烟:standard->常驻@1鸣=20.0 | 擎渊怒涛:standard->常驻@1鸣=20.0 | 漪澜浮录:standard->常驻@1鸣=20.0
22,35936781,100,66,20,5.81,532.30,150.00,688.11,6.881,8,13,弗洛洛:T0.5@2鸣=168.3 | 维里奈:T1@1鸣=56.0 | 达妮娅:T0.5@0鸣=85.0 | 嘉贝莉娜:T0.5@0鸣=70.0 | 尤诺:T0.5@0鸣=79.0 | 坎特蕾拉:T1@0鸣=55.0 | 卜灵:T2@0鸣=5.0 | 散华:T2@0鸣=14.0,万物持存的注释:signature->尤诺@1鸣=50.0 | 幽冥的忘忧章:signature->弗洛洛@1鸣=50.0 | 血誓盟约:standard->常驻@1鸣=20.0 | 千古洑流:signature->今汐@1鸣=10.0 | 漪澜浮录:standard->常驻@1鸣=20.0
23,35632501,150,74,26,0.68,872.75,153.00,1026.42,6.843,11,13,散华:T2@6鸣=33.6 | 卜灵:T2@4鸣=10.75 | 爱弥斯:T0@1鸣=155.4 | 维里奈:T1@1鸣=56.0 | 绯雪:T0@0鸣=111.0 | 莫宁:T0.5@0鸣=75.0 | 千咲:T0.5@0鸣=90.0 | 尤诺:T0.5@0鸣=79.0 | 弗洛洛:T0.5@0鸣=99.0 | 坎特蕾拉:T1@0鸣=55.0 | 守岸人:T0@0鸣=108.0,血誓盟约:standard->常驻@5鸣=43.0 | 永远的启明星:signature->爱弥斯@1鸣=60.0 | 脉冲协臂:standard->常驻@1鸣=20.0 | 千古洑流:signature->今汐@1鸣=10.0 | 漪澜浮录:standard->常驻@1鸣=20.0
24,34557961,135,78,33,7.25,589.70,318.00,914.95,6.777,11,14,散华:T2@6鸣=33.6 | 卜灵:T2@2鸣=8.5 | 弗洛洛:T0.5@1鸣=138.6 | 陆·赫斯:T0.5@0鸣=70.0 | 仇远:T1@0鸣=55.0 | 夏空:T1@0鸣=55.0 | 布兰特:T1@0鸣=46.0 | 守岸人:T0@0鸣=108.0 | 相里要:T2@0鸣=16.0 | 忌炎:T2@0鸣=19.0 | 维里奈:T1@0鸣=40.0,血誓盟约:standard->常驻@2鸣=28.0 | 相位涟漪:standard->常驻@1鸣=20.0 | 裁竹:signature->仇远@1鸣=30.0 | 裁竹:signature->仇远@1鸣=30.0 | 幽冥的忘忧章:signature->弗洛洛@1鸣=50.0 | 不灭航路:signature->布兰特@1鸣=30.0 | 星序协响:signature->守岸人@1鸣=60.0 | 诸方玄枢:signature->相里要@1鸣=10.0 | 苍鳞千嶂:signature->忌炎@1鸣=10.0 | 千古洑流:signature->今汐@1鸣=10.0 | 停驻之烟:standard->常驻@1鸣=20.0 | 漪澜浮录:standard->常驻@1鸣=20.0
25,35231183,120,70,25,9.64,530.05,273.00,812.69,6.772,6,12,散华:T2@6鸣=33.6 | 卜灵:T2@4鸣=10.75 | 维里奈:T1@3鸣=78.0 | 绯雪:T0@2鸣=188.7 | 琳奈:T0@0鸣=111.0 | 守岸人:T0@0鸣=108.0,血誓盟约:standard->常驻@5鸣=43.0 | 灼霜:signature->绯雪@1鸣=60.0 | 溢彩荧辉:signature->琳奈@1鸣=60.0 | 星序协响:signature->守岸人@1鸣=60.0 | 千古洑流:signature->今汐@1鸣=10.0 | 停驻之烟:standard->常驻@1鸣=20.0 | 漪澜浮录:standard->常驻@1鸣=20.0
26,34783782,60,62,17,0.44,296.20,108.00,404.64,6.744,7,14,散华:T2@5鸣=32.2 | 尤诺:T0.5@0鸣=79.0 | 露帕:T0.5@0鸣=70.0 | 赞妮:T1@0鸣=40.0 | 相里要:T2@0鸣=16.0 | 忌炎:T2@0鸣=19.0 | 维里奈:T1@0鸣=40.0,浩境粼光:standard->常驻@2鸣=28.0 | 万物持存的注释:signature->尤诺@1鸣=50.0 | 诸方玄枢:signature->相里要@1鸣=10.0 | 血誓盟约:standard->常驻@1鸣=20.0
27,35208178,137,67,28,0.00,651.10,270.00,921.10,6.723,8,13,散华:T2@6鸣=33.6 | 嘉贝莉娜:T0.5@3鸣=136.5 | 维里奈:T1@3鸣=78.0 | 千咲:T0.5@0鸣=90.0 | 弗洛洛:T0.5@0鸣=99.0 | 露帕:T0.5@0鸣=70.0 | 卡提希娅:T0.5@0鸣=89.0 | 夏空:T1@0鸣=55.0,玻色星仪:standard->常驻@1鸣=20.0 | 昙切:signature->千咲@1鸣=50.0 | 光影双生:signature->嘉贝莉娜@1鸣=50.0 | 焰痕:signature->露帕@1鸣=50.0 | 不屈命定之冠:signature->卡提希娅@1鸣=50.0 | 血誓盟约:standard->常驻@1鸣=20.0 | 千古洑流:signature->今汐@1鸣=10.0 | 漪澜浮录:standard->常驻@1鸣=20.0
28,35417411,130,73,31,1.55,619.20,250.00,870.75,6.698,12,14,散华:T2@6鸣=33.6 | 珂莱塔:T1@1鸣=77.0 | 忌炎:T2@1鸣=26.6 | 维里奈:T1@1鸣=56.0 | 爱弥斯:T0@0鸣=111.0 | 嘉贝莉娜:T0.5@0鸣=70.0 | 坎特蕾拉:T1@0鸣=55.0 | 椿:T1@0鸣=40.0 | 守岸人:T0@0鸣=108.0 | 相里要:T2@0鸣=16.0 | 折枝:T2@0鸣=19.0 | 吟霖:T2@0鸣=7.0,永远的启明星:signature->爱弥斯@1鸣=60.0 | 相位涟漪:standard->常驻@1鸣=20.0 | 裁春:signature->椿@1鸣=30.0 | 星序协响:signature->守岸人@1鸣=60.0 | 苍鳞千嶂:signature->忌炎@1鸣=10.0 | 血誓盟约:standard->常驻@1鸣=20.0 | 千古洑流:signature->今汐@1鸣=10.0 | 停驻之烟:standard->常驻@1鸣=20.0 | 漪澜浮录:standard->常驻@1鸣=20.0
29,28539238,110,80,29,0.00,451.60,284.00,735.60,6.687,10,14,散华:T2@6鸣=33.6 | 奥古斯塔:T0.5@0鸣=99.0 | 坎特蕾拉:T1@0鸣=55.0 | 珂莱塔:T1@0鸣=55.0 | 椿:T1@0鸣=40.0 | 守岸人:T0@0鸣=108.0 | 相里要:T2@0鸣=16.0 | 长离:T1@0鸣=28.0 | 今汐:T2@0鸣=10.0 | 吟霖:T2@0鸣=7.0,千古洑流:signature->今汐@2鸣=14.0 | 和光回唱:signature->菲比@1鸣=30.0 | 死与舞:signature->珂莱塔@1鸣=30.0 | 星序协响:signature->守岸人@1鸣=60.0 | 星序协响:signature->守岸人@1鸣=60.0 | 琼枝冰绡:signature->折枝@1鸣=10.0 | 掣傀之手:signature->吟霖@1鸣=10.0 | 血誓盟约:standard->常驻@1鸣=20.0 | 浩境粼光:standard->常驻@1鸣=20.0 | 千古洑流:signature->今汐@1鸣=10.0 | 擎渊怒涛:standard->常驻@1鸣=20.0
30,35347934,150,80,38,18.65,679.10,300.00,997.75,6.652,12,14,散华:T2@6鸣=33.6 | 露帕:T0.5@3鸣=136.5 | 维里奈:T1@2鸣=68.0 | 赞妮:T1@1鸣=56.0 | 琳奈:T0@0鸣=111.0 | 嘉贝莉娜:T0.5@0鸣=70.0 | 布兰特:T1@0鸣=46.0 | 菲比:T1@0鸣=40.0 | 珂莱塔:T1@0鸣=55.0 | 相里要:T2@0鸣=16.0 | 长离:T1@0鸣=28.0 | 忌炎:T2@0鸣=19.0,相位涟漪:standard->常驻@1鸣=20.0 | 光影双生:signature->嘉贝莉娜@1鸣=50.0 | 焰痕:signature->露帕@1鸣=50.0 | 焰光裁定:signature->赞妮@1鸣=30.0 | 不灭航路:signature->布兰特@1鸣=30.0 | 和光回唱:signature->菲比@1鸣=30.0 | 赫奕流明:signature->长离@1鸣=30.0 | 苍鳞千嶂:signature->忌炎@1鸣=10.0 | 血誓盟约:standard->常驻@1鸣=20.0 | 千古洑流:signature->今汐@1鸣=10.0 | 停驻之烟:standard->常驻@1鸣=20.0
31,35923649,140,72,32,1.35,642.30,277.00,920.65,6.576,11,13,卜灵:T2@6鸣=12.0 | 散华:T2@6鸣=33.6 | 绯雪:T0@2鸣=188.7 | 维里奈:T1@1鸣=56.0 | 莫宁:T0.5@0鸣=75.0 | 尤诺:T0.5@0鸣=79.0 | 卡提希娅:T0.5@0鸣=89.0 | 赞妮:T1@0鸣=40.0 | 菲比:T1@0鸣=40.0 | 今汐:T2@0鸣=10.0 | 忌炎:T2@0鸣=19.0,血誓盟约:standard->常驻@5鸣=43.0 | 千古洑流:signature->今汐@2鸣=14.0 | 灼霜:signature->绯雪@1鸣=60.0 | 不屈命定之冠:signature->卡提希娅@1鸣=50.0 | 焰光裁定:signature->赞妮@1鸣=30.0 | 和光回唱:signature->菲比@1鸣=30.0 | 苍鳞千嶂:signature->忌炎@1鸣=10.0 | 浩境粼光:standard->常驻@1鸣=20.0 | 停驻之烟:standard->常驻@1鸣=20.0
32,33962162,80,46,24,0.78,293.60,230.00,524.38,6.555,9,13,散华:T2@6鸣=33.6 | 仇远:T1@0鸣=55.0 | 守岸人:T0@0鸣=108.0 | 相里要:T2@0鸣=16.0 | 折枝:T2@0鸣=19.0 | 今汐:T2@0鸣=10.0 | 吟霖:T2@0鸣=7.0 | 维里奈:T1@0鸣=40.0 | 卜灵:T2@0鸣=5.0,镭射切变:standard->常驻@1鸣=20.0 | 裁竹:signature->仇远@1鸣=30.0 | 星序协响:signature->守岸人@1鸣=60.0 | 时和岁稔:standard->常驻@1鸣=20.0 | 掣傀之手:signature->吟霖@1鸣=10.0 | 血誓盟约:standard->常驻@1鸣=20.0 | 浩境粼光:standard->常驻@1鸣=20.0 | 千古洑流:signature->今汐@1鸣=10.0 | 停驻之烟:standard->常驻@1鸣=20.0 | 漪澜浮录:standard->常驻@1鸣=20.0
33,35695176,60,44,12,10.09,295.20,80.00,385.29,6.421,6,12,散华:T2@5鸣=32.2 | 维里奈:T1@1鸣=56.0 | 嘉贝莉娜:T0.5@0鸣=70.0 | 守岸人:T0@0鸣=108.0 | 今汐:T2@0鸣=10.0 | 忌炎:T2@0鸣=19.0,星序协响:signature->守岸人@1鸣=60.0 | 时和岁稔:standard->常驻@1鸣=20.0
34,32974204,70,53,13,0.12,293.35,150.00,443.48,6.335,7,12,散华:T2@6鸣=33.6 | 卜灵:T2@3鸣=9.75 | 西格莉卡:T0@0鸣=111.0 | 嘉贝莉娜:T0.5@0鸣=70.0 | 今汐:T2@0鸣=10.0 | 忌炎:T2@0鸣=19.0 | 维里奈:T1@0鸣=40.0,昭日译注:signature->西格莉卡@1鸣=60.0 | 源能机锋:standard->常驻@1鸣=20.0 | 光影双生:signature->嘉贝莉娜@1鸣=50.0 | 血誓盟约:standard->常驻@1鸣=20.0
35,34994160,130,61,25,1.32,593.60,220.00,814.93,6.269,10,13,散华:T2@6鸣=33.6 | 维里奈:T1@1鸣=56.0 | 千咲:T0.5@0鸣=90.0 | 弗洛洛:T0.5@0鸣=99.0 | 卡提希娅:T0.5@0鸣=89.0 | 赞妮:T1@0鸣=40.0 | 椿:T1@0鸣=40.0 | 守岸人:T0@0鸣=108.0 | 长离:T1@0鸣=28.0 | 今汐:T2@0鸣=10.0,幽冥的忘忧章:signature->弗洛洛@1鸣=50.0 | 不屈命定之冠:signature->卡提希娅@1鸣=50.0 | 星序协响:signature->守岸人@1鸣=60.0 | 血誓盟约:standard->常驻@1鸣=20.0 | 浩境粼光:standard->常驻@1鸣=20.0 | 千古洑流:signature->今汐@1鸣=10.0 | 千古洑流:signature->今汐@1鸣=10.0
36,35112712,150,80,19,7.99,596.85,330.00,934.84,6.232,8,13,卜灵:T2@4鸣=10.75 | 散华:T2@4鸣=30.1 | 维里奈:T1@1鸣=56.0 | 绯雪:T0@0鸣=111.0 | 爱弥斯:T0@0鸣=111.0 | 千咲:T0.5@0鸣=90.0 | 弗洛洛:T0.5@0鸣=99.0 | 卡提希娅:T0.5@0鸣=89.0,灼霜:signature->绯雪@1鸣=60.0 | 永远的启明星:signature->爱弥斯@1鸣=60.0 | 永远的启明星:signature->爱弥斯@1鸣=60.0 | 昙切:signature->千咲@1鸣=50.0 | 不屈命定之冠:signature->卡提希娅@1鸣=50.0 | 血誓盟约:standard->常驻@1鸣=20.0 | 千古洑流:signature->今汐@1鸣=10.0 | 漪澜浮录:standard->常驻@1鸣=20.0
37,34820596,80,64,18,0.88,354.80,140.00,495.68,6.196,8,12,散华:T2@2鸣=23.8 | 珂莱塔:T1@1鸣=77.0 | 琳奈:T0@0鸣=111.0 | 坎特蕾拉:T1@0鸣=55.0 | 折枝:T2@0鸣=19.0 | 今汐:T2@0鸣=10.0 | 忌炎:T2@0鸣=19.0 | 维里奈:T1@0鸣=40.0,溢彩荧辉:signature->琳奈@1鸣=60.0 | 死与舞:signature->珂莱塔@1鸣=30.0 | 血誓盟约:standard->常驻@1鸣=20.0 | 浩境粼光:standard->常驻@1鸣=20.0 | 千古洑流:signature->今汐@1鸣=10.0
38,33682424,100,48,18,0.54,455.80,163.00,619.34,6.193,8,12,散华:T2@2鸣=23.8 | 西格莉卡:T0@0鸣=111.0 | 陆·赫斯:T0.5@0鸣=70.0 | 琳奈:T0@0鸣=111.0 | 仇远:T1@0鸣=55.0 | 赞妮:T1@0鸣=40.0 | 维里奈:T1@0鸣=40.0 | 卜灵:T2@0鸣=5.0,血誓盟约:standard->常驻@5鸣=43.0 | 昭日译注:signature->西格莉卡@1鸣=60.0 | 脉冲协臂:standard->常驻@1鸣=20.0 | 脉冲协臂:standard->常驻@1鸣=20.0 | 相位涟漪:standard->常驻@1鸣=20.0
39,35272794,138,61,22,10.59,633.30,203.00,846.89,6.137,9,13,弗洛洛:T0.5@2鸣=168.3 | 卜灵:T2@1鸣=7.0 | 琳奈:T0@0鸣=111.0 | 千咲:T0.5@0鸣=90.0 | 坎特蕾拉:T1@0鸣=55.0 | 菲比:T1@0鸣=40.0 | 守岸人:T0@0鸣=108.0 | 维里奈:T1@0鸣=40.0 | 散华:T2@0鸣=14.0,血誓盟约:standard->常驻@5鸣=43.0 | 昙切:signature->千咲@1鸣=50.0 | 幽冥的忘忧章:signature->弗洛洛@1鸣=50.0 | 和光回唱:signature->菲比@1鸣=30.0 | 千古洑流:signature->今汐@1鸣=10.0 | 停驻之烟:standard->常驻@1鸣=20.0
40,35799490,147,80,32,8.58,703.50,184.00,896.08,6.096,11,4,卡提希娅:T0.5@2鸣=151.3 | 守岸人:T0@1鸣=151.2 | 维里奈:T1@1鸣=56.0 | 奥古斯塔:T0.5@0鸣=99.0 | 弗洛洛:T0.5@0鸣=99.0 | 夏空:T1@0鸣=55.0 | 椿:T1@0鸣=40.0 | 相里要:T2@0鸣=16.0 | 折枝:T2@0鸣=19.0 | 今汐:T2@0鸣=10.0 | 吟霖:T2@0鸣=7.0,血誓盟约:standard->常驻@3鸣=34.0 | 不屈命定之冠:signature->卡提希娅@1鸣=50.0 | 时和岁稔:standard->常驻@1鸣=20.0 | 掣傀之手:signature->吟霖@1鸣=10.0 | 浩境粼光:standard->常驻@1鸣=20.0 | 千古洑流:signature->今汐@1鸣=10.0 | 停驻之烟:standard->常驻@1鸣=20.0 | 漪澜浮录:standard->常驻@1鸣=20.0
41,35518073,100,71,28,0.81,412.70,194.00,607.51,6.075,8,14,散华:T2@6鸣=33.6 | 维里奈:T1@2鸣=68.0 | 卜灵:T2@2鸣=8.5 | 卡提希娅:T0.5@1鸣=124.6 | 今汐:T2@1鸣=14.0 | 千咲:T0.5@0鸣=90.0 | 珂莱塔:T1@0鸣=55.0 | 折枝:T2@0鸣=19.0,血誓盟约:standard->常驻@3鸣=34.0 | 不屈命定之冠:signature->卡提希娅@1鸣=50.0 | 死与舞:signature->珂莱塔@1鸣=30.0 | 时和岁稔:standard->常驻@1鸣=20.0 | 掣傀之手:signature->吟霖@1鸣=10.0 | 苍鳞千嶂:signature->忌炎@1鸣=10.0 | 停驻之烟:standard->常驻@1鸣=20.0 | 漪澜浮录:standard->常驻@1鸣=20.0
42,34998618,160,76,27,43.99,685.10,234.00,963.09,6.019,10,14,散华:T2@6鸣=33.6 | 卡提希娅:T0.5@2鸣=151.3 | 守岸人:T0@1鸣=151.2 | 维里奈:T1@1鸣=56.0 | 千咲:T0.5@0鸣=90.0 | 仇远:T1@0鸣=55.0 | 嘉贝莉娜:T0.5@0鸣=70.0 | 珂莱塔:T1@0鸣=55.0 | 相里要:T2@0鸣=16.0 | 吟霖:T2@0鸣=7.0,血誓盟约:standard->常驻@3鸣=34.0 | 昙切:signature->千咲@1鸣=50.0 | 光影双生:signature->嘉贝莉娜@1鸣=50.0 | 不屈命定之冠:signature->卡提希娅@1鸣=50.0 | 千古洑流:signature->今汐@1鸣=10.0 | 停驻之烟:standard->常驻@1鸣=20.0 | 擎渊怒涛:standard->常驻@1鸣=20.0
43,35182308,158,78,29,13.29,590.00,344.00,947.29,5.995,9,3,维里奈:T1@1鸣=56.0 | 绯雪:T0@0鸣=111.0 | 莫宁:T0.5@0鸣=75.0 | 琳奈:T0@0鸣=111.0 | 嘉贝莉娜:T0.5@0鸣=70.0 | 卡提希娅:T0.5@0鸣=89.0 | 菲比:T1@0鸣=40.0 | 长离:T1@0鸣=28.0 | 今汐:T2@0鸣=10.0,血誓盟约:standard->常驻@3鸣=34.0 | 灼霜:signature->绯雪@1鸣=60.0 | 相位涟漪:standard->常驻@1鸣=20.0 | 光影双生:signature->嘉贝莉娜@1鸣=50.0 | 不屈命定之冠:signature->卡提希娅@1鸣=50.0 | 和光回唱:signature->菲比@1鸣=30.0 | 赫奕流明:signature->长离@1鸣=30.0 | 时和岁稔:standard->常驻@1鸣=20.0 | 浩境粼光:standard->常驻@1鸣=20.0 | 千古洑流:signature->今汐@1鸣=10.0 | 停驻之烟:standard->常驻@1鸣=20.0
44,35817834,126,71,30,2.56,522.00,229.00,753.56,5.981,10,4,陆·赫斯:T0.5@1鸣=98.0 | 奥古斯塔:T0.5@0鸣=99.0 | 弗洛洛:T0.5@0鸣=99.0 | 布兰特:T1@0鸣=46.0 | 珂莱塔:T1@0鸣=55.0 | 椿:T1@0鸣=40.0 | 相里要:T2@0鸣=16.0 | 今汐:T2@0鸣=10.0 | 忌炎:T2@0鸣=19.0 | 维里奈:T1@0鸣=40.0,血誓盟约:standard->常驻@4鸣=39.0 | 白昼之脊:signature->陆·赫斯@1鸣=50.0 | 镭射切变:standard->常驻@1鸣=20.0 | 幽冥的忘忧章:signature->弗洛洛@1鸣=50.0 | 时和岁稔:standard->常驻@1鸣=20.0 | 浩境粼光:standard->常驻@1鸣=20.0 | 千古洑流:signature->今汐@1鸣=10.0 | 停驻之烟:standard->常驻@1鸣=20.0
45,35774081,110,68,15,0.21,467.05,190.00,657.26,5.975,6,12,散华:T2@6鸣=33.6 | 卜灵:T2@4鸣=10.75 | 绯雪:T0@2鸣=188.7 | 维里奈:T1@1鸣=56.0 | 尤诺:T0.5@0鸣=79.0 | 弗洛洛:T0.5@0鸣=99.0,灼霜:signature->绯雪@1鸣=60.0 | 脉冲协臂:standard->常驻@1鸣=20.0 | 幽冥的忘忧章:signature->弗洛洛@1鸣=50.0 | 血誓盟约:standard->常驻@1鸣=20.0 | 停驻之烟:standard->常驻@1鸣=20.0 | 漪澜浮录:standard->常驻@1鸣=20.0
46,31805513,80,52,16,27.59,359.80,89.00,476.39,5.955,6,11,菲比:T1@3鸣=78.0 | 维里奈:T1@2鸣=68.0 | 散华:T2@2鸣=23.8 | 卜灵:T2@1鸣=7.0 | 莫宁:T0.5@0鸣=75.0 | 守岸人:T0@0鸣=108.0,血誓盟约:standard->常驻@4鸣=39.0 | 玻色星仪:standard->常驻@1鸣=20.0 | 和光回唱:signature->菲比@1鸣=30.0
47,35338519,115,73,24,0.17,513.65,169.00,682.82,5.938,6,13,弗洛洛:T0.5@5鸣=227.7 | 散华:T2@5鸣=32.2 | 维里奈:T1@3鸣=78.0 | 卜灵:T2@3鸣=9.75 | 绯雪:T0@0鸣=111.0 | 仇远:T1@0鸣=55.0,血誓盟约:standard->常驻@4鸣=39.0 | 灼霜:signature->绯雪@1鸣=60.0 | 幽冥的忘忧章:signature->弗洛洛@1鸣=50.0 | 千古洑流:signature->今汐@1鸣=10.0 | 千古洑流:signature->今汐@1鸣=10.0
48,34905083,152,80,33,142.62,548.10,208.00,898.73,5.913,10,14,散华:T2@6鸣=33.6 | 珂莱塔:T1@2鸣=93.5 | 维里奈:T1@2鸣=68.0 | 菲比:T1@1鸣=56.0 | 千咲:T0.5@0鸣=90.0 | 卡提希娅:T0.5@0鸣=89.0 | 赞妮:T1@0鸣=40.0 | 椿:T1@0鸣=40.0 | 长离:T1@0鸣=28.0 | 今汐:T2@0鸣=10.0,血誓盟约:standard->常驻@2鸣=28.0 | 万物持存的注释:signature->尤诺@1鸣=50.0 | 死与舞:signature->珂莱塔@1鸣=30.0 | 星序协响:signature->守岸人@1鸣=60.0 | 苍鳞千嶂:signature->忌炎@1鸣=10.0 | 千古洑流:signature->今汐@1鸣=10.0 | 漪澜浮录:standard->常驻@1鸣=20.0
49,34709059,130,80,28,17.51,565.90,184.00,767.41,5.903,10,13,散华:T2@6鸣=33.6 | 维里奈:T1@3鸣=78.0 | 卡提希娅:T0.5@2鸣=151.3 | 弗洛洛:T0.5@0鸣=99.0 | 椿:T1@0鸣=40.0 | 守岸人:T0@0鸣=108.0 | 相里要:T2@0鸣=16.0 | 长离:T1@0鸣=28.0 | 吟霖:T2@0鸣=7.0 | 卜灵:T2@0鸣=5.0,血誓盟约:standard->常驻@3鸣=34.0 | 不屈命定之冠:signature->卡提希娅@1鸣=50.0 | 裁春:signature->椿@1鸣=30.0 | 诸方玄枢:signature->相里要@1鸣=10.0 | 赫奕流明:signature->长离@1鸣=30.0 | 千古洑流:signature->今汐@1鸣=10.0 | 漪澜浮录:standard->常驻@1鸣=20.0
50,35016689,80,52,16,0.88,338.70,124.00,463.57,5.795,6,12,卜灵:T2@2鸣=8.5 | 卡提希娅:T0.5@1鸣=124.6 | 维里奈:T1@1鸣=56.0 | 散华:T2@1鸣=19.6 | 莫宁:T0.5@0鸣=75.0 | 夏空:T1@0鸣=55.0,血誓盟约:standard->常驻@3鸣=34.0 | 相位涟漪:standard->常驻@1鸣=20.0 | 不屈命定之冠:signature->卡提希娅@1鸣=50.0 | 漪澜浮录:standard->常驻@1鸣=20.0
51,35889640,100,57,13,47.91,346.30,184.00,578.21,5.782,5,12,散华:T2@3鸣=27.3 | 卜灵:T2@1鸣=7.0 | 绯雪:T0@0鸣=111.0 | 琳奈:T0@0鸣=111.0 | 千咲:T0.5@0鸣=90.0,血誓盟约:standard->常驻@3鸣=34.0 | 灼霜:signature->绯雪@1鸣=60.0 | 镭射切变:standard->常驻@1鸣=20.0 | 昙切:signature->千咲@1鸣=50.0 | 停驻之烟:standard->常驻@1鸣=20.0
52,34665047,100,52,19,8.32,379.60,188.00,575.92,5.759,8,12,散华:T2@6鸣=33.6 | 维里奈:T1@3鸣=78.0 | 爱弥斯:T0@0鸣=111.0 | 卡提希娅:T0.5@0鸣=89.0 | 相里要:T2@0鸣=16.0 | 折枝:T2@0鸣=19.0 | 长离:T1@0鸣=28.0 | 卜灵:T2@0鸣=5.0,血誓盟约:standard->常驻@2鸣=28.0 | 永远的启明星:signature->爱弥斯@1鸣=60.0 | 不屈命定之冠:signature->卡提希娅@1鸣=50.0 | 诸方玄枢:signature->相里要@1鸣=10.0 | 浩境粼光:standard->常驻@1鸣=20.0 | 漪澜浮录:standard->常驻@1鸣=20.0
53,35854032,157,80,32,0.56,649.00,242.00,891.56,5.679,11,4,维里奈:T1@3鸣=78.0 | 菲比:T1@1鸣=56.0 | 达妮娅:T0.5@0鸣=85.0 | 莫宁:T0.5@0鸣=75.0 | 尤诺:T0.5@0鸣=79.0 | 弗洛洛:T0.5@0鸣=99.0 | 卡提希娅:T0.5@0鸣=89.0 | 椿:T1@0鸣=40.0 | 折枝:T2@0鸣=19.0 | 今汐:T2@0鸣=10.0 | 忌炎:T2@0鸣=19.0,血誓盟约:standard->常驻@3鸣=34.0 | 浩境粼光:standard->常驻@2鸣=28.0 | 幽冥的忘忧章:signature->弗洛洛@1鸣=50.0 | 不屈命定之冠:signature->卡提希娅@1鸣=50.0 | 和光回唱:signature->菲比@1鸣=30.0 | 时和岁稔:standard->常驻@1鸣=20.0 | 千古洑流:signature->今汐@1鸣=10.0 | 漪澜浮录:standard->常驻@1鸣=20.0
54,34756321,150,79,26,11.88,597.35,234.00,843.23,5.622,8,12,嘉贝莉娜:T0.5@6鸣=168.0 | 散华:T2@6鸣=33.6 | 卜灵:T2@3鸣=9.75 | 维里奈:T1@1鸣=56.0 | 莫宁:T0.5@0鸣=75.0 | 琳奈:T0@0鸣=111.0 | 仇远:T1@0鸣=55.0 | 卡提希娅:T0.5@0鸣=89.0,相位涟漪:standard->常驻@3鸣=34.0 | 宙算仪轨:signature->莫宁@1鸣=50.0 | 光影双生:signature->嘉贝莉娜@1鸣=50.0 | 不屈命定之冠:signature->卡提希娅@1鸣=50.0 | 血誓盟约:standard->常驻@1鸣=20.0 | 千古洑流:signature->今汐@1鸣=10.0 | 停驻之烟:standard->常驻@1鸣=20.0
55,35327187,120,62,16,3.18,502.80,160.00,665.98,5.550,9,13,散华:T2@2鸣=23.8 | 维里奈:T1@1鸣=56.0 | 绯雪:T0@0鸣=111.0 | 莫宁:T0.5@0鸣=75.0 | 弗洛洛:T0.5@0鸣=99.0 | 卡提希娅:T0.5@0鸣=89.0 | 相里要:T2@0鸣=16.0 | 长离:T1@0鸣=28.0 | 卜灵:T2@0鸣=5.0,灼霜:signature->绯雪@1鸣=60.0 | 幽冥的忘忧章:signature->弗洛洛@1鸣=50.0 | 血誓盟约:standard->常驻@1鸣=20.0 | 千古洑流:signature->今汐@1鸣=10.0 | 擎渊怒涛:standard->常驻@1鸣=20.0
56,33398915,100,53,17,9.52,401.20,140.00,550.72,5.507,7,13,散华:T2@5鸣=32.2 | 维里奈:T1@1鸣=56.0 | 尤诺:T0.5@0鸣=79.0 | 奥古斯塔:T0.5@0鸣=99.0 | 赞妮:T1@0鸣=40.0 | 坎特蕾拉:T1@0鸣=55.0 | 菲比:T1@0鸣=40.0,焰光裁定:signature->赞妮@1鸣=30.0 | 星序协响:signature->守岸人@1鸣=60.0 | 掣傀之手:signature->吟霖@1鸣=10.0 | 苍鳞千嶂:signature->忌炎@1鸣=10.0 | 血誓盟约:standard->常驻@1鸣=20.0 | 千古洑流:signature->今汐@1鸣=10.0
57,35745137,150,77,30,0.67,550.60,273.00,824.27,5.495,9,14,散华:T2@6鸣=33.6 | 莫宁:T0.5@0鸣=75.0 | 千咲:T0.5@0鸣=90.0 | 尤诺:T0.5@0鸣=79.0 | 弗洛洛:T0.5@0鸣=99.0 | 卡提希娅:T0.5@0鸣=89.0 | 菲比:T1@0鸣=40.0 | 维里奈:T1@0鸣=40.0 | 卜灵:T2@0鸣=5.0,血誓盟约:standard->常驻@5鸣=43.0 | 宙算仪轨:signature->莫宁@1鸣=50.0 | 昙切:signature->千咲@1鸣=50.0 | 万物持存的注释:signature->尤诺@1鸣=50.0 | 不屈命定之冠:signature->卡提希娅@1鸣=50.0 | 千古洑流:signature->今汐@1鸣=10.0 | 停驻之烟:standard->常驻@1鸣=20.0
58,35732068,150,65,21,0.85,592.60,230.00,823.45,5.490,8,14,卜灵:T2@6鸣=12.0 | 散华:T2@6鸣=33.6 | 维里奈:T1@2鸣=68.0 | 莫宁:T0.5@1鸣=105.0 | 达妮娅:T0.5@0鸣=85.0 | 爱弥斯:T0@0鸣=111.0 | 尤诺:T0.5@0鸣=79.0 | 奥古斯塔:T0.5@0鸣=99.0,永远的启明星:signature->爱弥斯@1鸣=60.0 | 万物持存的注释:signature->尤诺@1鸣=50.0 | 驭冕铸雷之权:signature->奥古斯塔@1鸣=50.0 | 血誓盟约:standard->常驻@1鸣=20.0 | 浩境粼光:standard->常驻@1鸣=20.0 | 千古洑流:signature->今汐@1鸣=10.0 | 擎渊怒涛:standard->常驻@1鸣=20.0
59,34189208,100,67,27,0.05,352.50,190.00,542.55,5.425,8,13,散华:T2@3鸣=27.3 | 相里要:T2@2鸣=27.2 | 维里奈:T1@1鸣=56.0 | 西格莉卡:T0@0鸣=111.0 | 尤诺:T0.5@0鸣=79.0 | 椿:T1@0鸣=40.0 | 吟霖:T2@0鸣=7.0 | 卜灵:T2@0鸣=5.0,相位涟漪:standard->常驻@1鸣=20.0 | 万物持存的注释:signature->尤诺@1鸣=50.0 | 幽冥的忘忧章:signature->弗洛洛@1鸣=50.0 | 诸方玄枢:signature->相里要@1鸣=10.0 | 掣傀之手:signature->吟霖@1鸣=10.0 | 血誓盟约:standard->常驻@1鸣=20.0 | 浩境粼光:standard->常驻@1鸣=20.0 | 千古洑流:signature->今汐@1鸣=10.0
60,35916667,108,52,20,11.07,441.60,133.00,585.67,5.423,6,14,散华:T2@5鸣=32.2 | 绯雪:T0@1鸣=155.4 | 维里奈:T1@1鸣=56.0 | 达妮娅:T0.5@0鸣=85.0 | 守岸人:T0@0鸣=108.0 | 卜灵:T2@0鸣=5.0,血誓盟约:standard->常驻@5鸣=43.0 | 灼霜:signature->绯雪@1鸣=60.0 | 玻色星仪:standard->常驻@1鸣=20.0 | 千古洑流:signature->今汐@1鸣=10.0
61,34009013,140,79,33,7.27,545.80,203.00,756.07,5.400,6,13,散华:T2@3鸣=27.3 | 千咲:T0.5@2鸣=153.0 | 珂莱塔:T1@2鸣=93.5 | 莫宁:T0.5@0鸣=75.0 | 卡提希娅:T0.5@0鸣=89.0 | 守岸人:T0@0鸣=108.0,血誓盟约:standard->常驻@5鸣=43.0 | 镭射切变:standard->常驻@1鸣=20.0 | 昙切:signature->千咲@1鸣=50.0 | 不屈命定之冠:signature->卡提希娅@1鸣=50.0 | 死与舞:signature->珂莱塔@1鸣=30.0 | 千古洑流:signature->今汐@1鸣=10.0
62,35908018,150,72,22,77.10,505.00,223.00,805.10,5.367,6,12,爱弥斯:T0@1鸣=155.4 | 散华:T2@1鸣=19.6 | 绯雪:T0@0鸣=111.0 | 千咲:T0.5@0鸣=90.0 | 卡提希娅:T0.5@0鸣=89.0 | 维里奈:T1@0鸣=40.0,血誓盟约:standard->常驻@5鸣=43.0 | 灼霜:signature->绯雪@1鸣=60.0 | 永远的启明星:signature->爱弥斯@1鸣=60.0 | 不屈命定之冠:signature->卡提希娅@1鸣=50.0 | 千古洑流:signature->今汐@1鸣=10.0
63,35816370,157,80,35,6.10,603.70,230.00,839.80,5.349,9,4,布兰特:T1@3鸣=89.7 | 维里奈:T1@3鸣=78.0 | 露帕:T0.5@0鸣=70.0 | 卡提希娅:T0.5@0鸣=89.0 | 夏空:T1@0鸣=55.0 | 坎特蕾拉:T1@0鸣=55.0 | 菲比:T1@0鸣=40.0 | 守岸人:T0@0鸣=108.0 | 忌炎:T2@0鸣=19.0,焰痕:signature->露帕@1鸣=50.0 | 不屈命定之冠:signature->卡提希娅@1鸣=50.0 | 海的呢喃:signature->坎特蕾拉@1鸣=30.0 | 不灭航路:signature->布兰特@1鸣=30.0 | 苍鳞千嶂:signature->忌炎@1鸣=10.0 | 血誓盟约:standard->常驻@1鸣=20.0 | 停驻之烟:standard->常驻@1鸣=20.0 | 漪澜浮录:standard->常驻@1鸣=20.0
64,35914503,126,61,18,0.28,454.00,210.00,664.27,5.272,6,3,琳奈:T0@0鸣=111.0 | 弗洛洛:T0.5@0鸣=99.0 | 卡提希娅:T0.5@0鸣=89.0 | 椿:T1@0鸣=40.0 | 守岸人:T0@0鸣=108.0 | 吟霖:T2@0鸣=7.0,溢彩荧辉:signature->琳奈@1鸣=60.0 | 万物持存的注释:signature->尤诺@1鸣=50.0 | 不屈命定之冠:signature->卡提希娅@1鸣=50.0 | 血誓盟约:standard->常驻@1鸣=20.0 | 千古洑流:signature->今汐@1鸣=10.0 | 漪澜浮录:standard->常驻@1鸣=20.0
65,29859407,50,45,13,0.00,192.40,70.00,262.40,5.248,5,13,散华:T2@2鸣=23.8 | 忌炎:T2@1鸣=26.6 | 维里奈:T1@1鸣=56.0 | 露帕:T0.5@0鸣=70.0 | 相里要:T2@0鸣=16.0,焰痕:signature->露帕@1鸣=50.0 | 血誓盟约:standard->常驻@1鸣=20.0
66,35908973,158,60,24,0.00,561.80,263.00,824.80,5.220,7,11,散华:T2@2鸣=23.8 | 达妮娅:T0.5@0鸣=85.0 | 爱弥斯:T0@0鸣=111.0 | 千咲:T0.5@0鸣=90.0 | 卡提希娅:T0.5@0鸣=89.0 | 夏空:T1@0鸣=55.0 | 守岸人:T0@0鸣=108.0,血誓盟约:standard->常驻@5鸣=43.0 | 相位涟漪:standard->常驻@1鸣=20.0 | 玻色星仪:standard->常驻@1鸣=20.0 | 镭射切变:standard->常驻@1鸣=20.0 | 不屈命定之冠:signature->卡提希娅@1鸣=50.0 | 林间的咏叹调:signature->坎特蕾拉@1鸣=30.0 | 星序协响:signature->守岸人@1鸣=60.0 | 擎渊怒涛:standard->常驻@1鸣=20.0
67,35338340,140,62,23,0.09,564.30,163.00,727.39,5.196,7,13,散华:T2@4鸣=30.1 | 绯雪:T0@3鸣=216.45 | 卜灵:T2@3鸣=9.75 | 维里奈:T1@1鸣=56.0 | 仇远:T1@0鸣=55.0 | 卡提希娅:T0.5@0鸣=89.0 | 守岸人:T0@0鸣=108.0,血誓盟约:standard->常驻@5鸣=43.0 | 灼霜:signature->绯雪@1鸣=60.0 | 相位涟漪:standard->常驻@1鸣=20.0 | 裁竹:signature->仇远@1鸣=30.0 | 千古洑流:signature->今汐@1鸣=10.0
68,35635011,120,59,16,0.49,458.70,160.00,619.19,5.160,9,11,散华:T2@5鸣=32.2 | 珂莱塔:T1@2鸣=93.5 | 仇远:T1@0鸣=55.0 | 嘉贝莉娜:T0.5@0鸣=70.0 | 卡提希娅:T0.5@0鸣=89.0 | 夏空:T1@0鸣=55.0 | 折枝:T2@0鸣=19.0 | 维里奈:T1@0鸣=40.0 | 卜灵:T2@0鸣=5.0,光影双生:signature->嘉贝莉娜@1鸣=50.0 | 不屈命定之冠:signature->卡提希娅@1鸣=50.0 | 死与舞:signature->珂莱塔@1鸣=30.0 | 血誓盟约:standard->常驻@1鸣=20.0 | 千古洑流:signature->今汐@1鸣=10.0
69,35628881,150,65,14,0.74,572.95,200.00,773.69,5.158,7,12,散华:T2@6鸣=33.6 | 卜灵:T2@4鸣=10.75 | 弗洛洛:T0.5@1鸣=138.6 | 绯雪:T0@0鸣=111.0 | 爱弥斯:T0@0鸣=111.0 | 尤诺:T0.5@0鸣=79.0 | 卡提希娅:T0.5@0鸣=89.0,灼霜:signature->绯雪@1鸣=60.0 | 永远的启明星:signature->爱弥斯@1鸣=60.0 | 幽冥的忘忧章:signature->弗洛洛@1鸣=50.0 | 血誓盟约:standard->常驻@1鸣=20.0 | 千古洑流:signature->今汐@1鸣=10.0
70,35174147,136,56,23,5.84,522.10,173.00,700.94,5.154,6,14,千咲:T0.5@5鸣=207.0 | 散华:T2@4鸣=30.1 | 维里奈:T1@1鸣=56.0 | 卜灵:T2@1鸣=7.0 | 爱弥斯:T0@0鸣=111.0 | 琳奈:T0@0鸣=111.0,血誓盟约:standard->常驻@5鸣=43.0 | 永远的启明星:signature->爱弥斯@1鸣=60.0 | 昙切:signature->千咲@1鸣=50.0 | 千古洑流:signature->今汐@1鸣=10.0 | 千古洑流:signature->今汐@1鸣=10.0
71,34807219,110,55,14,11.34,327.60,224.00,562.94,5.118,5,13,散华:T2@6鸣=33.6 | 西格莉卡:T0@0鸣=111.0 | 嘉贝莉娜:T0.5@0鸣=70.0 | 守岸人:T0@0鸣=108.0 | 卜灵:T2@0鸣=5.0,血誓盟约:standard->常驻@3鸣=34.0 | 昭日译注:signature->西格莉卡@1鸣=60.0 | 镭射切变:standard->常驻@1鸣=20.0 | 光影双生:signature->嘉贝莉娜@1鸣=50.0 | 星序协响:signature->守岸人@1鸣=60.0
72,35934753,126,62,27,3.62,439.40,200.00,643.02,5.103,9,3,相里要:T2@1鸣=22.4 | 尤诺:T0.5@0鸣=79.0 | 弗洛洛:T0.5@0鸣=99.0 | 夏空:T1@0鸣=55.0 | 守岸人:T0@0鸣=108.0 | 折枝:T2@0鸣=19.0 | 今汐:T2@0鸣=10.0 | 吟霖:T2@0鸣=7.0 | 维里奈:T1@0鸣=40.0,万物持存的注释:signature->尤诺@1鸣=50.0 | 诸方玄枢:signature->相里要@1鸣=10.0 | 时和岁稔:standard->常驻@1鸣=20.0 | 掣傀之手:signature->吟霖@1鸣=10.0 | 血誓盟约:standard->常驻@1鸣=20.0 | 浩境粼光:standard->常驻@1鸣=20.0 | 千古洑流:signature->今汐@1鸣=10.0 | 停驻之烟:standard->常驻@1鸣=20.0 | 擎渊怒涛:standard->常驻@1鸣=20.0 | 漪澜浮录:standard->常驻@1鸣=20.0
73,31380584,90,64,17,0.64,329.30,128.00,457.94,5.088,7,12,散华:T2@5鸣=32.2 | 卜灵:T2@2鸣=8.5 | 千咲:T0.5@1鸣=126.0 | 忌炎:T2@1鸣=26.6 | 维里奈:T1@1鸣=56.0 | 菲比:T1@0鸣=40.0 | 椿:T1@0鸣=40.0,血誓盟约:standard->常驻@2鸣=28.0 | 源能机锋:standard->常驻@1鸣=20.0 | 昙切:signature->千咲@1鸣=50.0 | 浩境粼光:standard->常驻@1鸣=20.0 | 千古洑流:signature->今汐@1鸣=10.0
74,35792759,136,78,26,3.84,541.00,140.00,684.84,5.036,9,3,今汐:T2@1鸣=14.0 | 维里奈:T1@1鸣=56.0 | 琳奈:T0@0鸣=111.0 | 卡提希娅:T0.5@0鸣=89.0 | 赞妮:T1@0鸣=40.0 | 坎特蕾拉:T1@0鸣=55.0 | 菲比:T1@0鸣=40.0 | 守岸人:T0@0鸣=108.0 | 长离:T1@0鸣=28.0,幽冥的忘忧章:signature->弗洛洛@1鸣=50.0 | 焰光裁定:signature->赞妮@1鸣=30.0 | 时和岁稔:standard->常驻@1鸣=20.0 | 掣傀之手:signature->吟霖@1鸣=10.0 | 血誓盟约:standard->常驻@1鸣=20.0 | 千古洑流:signature->今汐@1鸣=10.0
75,35416733,158,61,21,0.00,603.60,189.00,792.60,5.016,8,12,散华:T2@6鸣=33.6 | 维里奈:T1@1鸣=56.0 | 绯雪:T0@0鸣=111.0 | 千咲:T0.5@0鸣=90.0 | 弗洛洛:T0.5@0鸣=99.0 | 露帕:T0.5@0鸣=70.0 | 卡提希娅:T0.5@0鸣=89.0 | 坎特蕾拉:T1@0鸣=55.0,血誓盟约:standard->常驻@4鸣=39.0 | 幽冥的忘忧章:signature->弗洛洛@1鸣=50.0 | 不屈命定之冠:signature->卡提希娅@1鸣=50.0 | 浩境粼光:standard->常驻@1鸣=20.0 | 千古洑流:signature->今汐@1鸣=10.0 | 停驻之烟:standard->常驻@1鸣=20.0
76,33682748,155,75,28,5.31,569.20,203.00,777.51,5.016,9,13,散华:T2@6鸣=33.6 | 奥古斯塔:T0.5@1鸣=138.6 | 维里奈:T1@1鸣=56.0 | 爱弥斯:T0@0鸣=111.0 | 仇远:T1@0鸣=55.0 | 坎特蕾拉:T1@0鸣=55.0 | 守岸人:T0@0鸣=108.0 | 吟霖:T2@0鸣=7.0 | 卜灵:T2@0鸣=5.0,血誓盟约:standard->常驻@5鸣=43.0 | 驭冕铸雷之权:signature->奥古斯塔@1鸣=50.0 | 海的呢喃:signature->坎特蕾拉@1鸣=30.0 | 掣傀之手:signature->吟霖@1鸣=10.0 | 千古洑流:signature->今汐@1鸣=10.0 | 停驻之烟:standard->常驻@1鸣=20.0 | 擎渊怒涛:standard->常驻@1鸣=20.0 | 漪澜浮录:standard->常驻@1鸣=20.0
77,33761640,90,68,22,1.28,389.30,60.00,450.58,5.006,7,13,散华:T2@6鸣=33.6 | 卜灵:T2@2鸣=8.5 | 长离:T1@1鸣=39.2 | 维里奈:T1@1鸣=56.0 | 卡提希娅:T0.5@0鸣=89.0 | 坎特蕾拉:T1@0鸣=55.0 | 守岸人:T0@0鸣=108.0,掣傀之手:signature->吟霖@1鸣=10.0 | 血誓盟约:standard->常驻@1鸣=20.0 | 千古洑流:signature->今汐@1鸣=10.0 | 千古洑流:signature->今汐@1鸣=10.0 | 千古洑流:signature->今汐@1鸣=10.0
78,33718762,100,64,23,2.87,354.20,142.00,499.07,4.991,6,13,散华:T2@5鸣=32.2 | 尤诺:T0.5@0鸣=79.0 | 赞妮:T1@0鸣=40.0 | 菲比:T1@0鸣=40.0 | 珂莱塔:T1@0鸣=55.0 | 守岸人:T0@0鸣=108.0,焰光裁定:signature->赞妮@2鸣=42.0 | 和光回唱:signature->菲比@1鸣=30.0 | 血誓盟约:standard->常驻@1鸣=20.0 | 千古洑流:signature->今汐@1鸣=10.0 | 千古洑流:signature->今汐@1鸣=10.0 | 千古洑流:signature->今汐@1鸣=10.0 | 停驻之烟:standard->常驻@1鸣=20.0
79,35391598,80,49,11,0.86,294.10,104.00,398.96,4.987,5,9,散华:T2@6鸣=33.6 | 卜灵:T2@2鸣=8.5 | 维里奈:T1@1鸣=56.0 | 达妮娅:T0.5@0鸣=85.0 | 西格莉卡:T0@0鸣=111.0,血誓盟约:standard->常驻@3鸣=34.0 | 昭日译注:signature->西格莉卡@1鸣=60.0 | 千古洑流:signature->今汐@1鸣=10.0
80,34837849,70,51,11,5.92,252.60,90.00,348.52,4.979,4,12,散华:T2@6鸣=33.6 | 维里奈:T1@1鸣=56.0 | 仇远:T1@0鸣=55.0 | 守岸人:T0@0鸣=108.0,星序协响:signature->守岸人@1鸣=60.0 | 血誓盟约:standard->常驻@1鸣=20.0 | 千古洑流:signature->今汐@1鸣=10.0
81,34965102,150,76,29,0.44,515.35,230.00,745.79,4.972,11,13,散华:T2@6鸣=33.6 | 卜灵:T2@3鸣=9.75 | 维里奈:T1@2鸣=68.0 | 相里要:T2@1鸣=22.4 | 折枝:T2@1鸣=26.6 | 爱弥斯:T0@0鸣=111.0 | 弗洛洛:T0.5@0鸣=99.0 | 赞妮:T1@0鸣=40.0 | 坎特蕾拉:T1@0鸣=55.0 | 菲比:T1@0鸣=40.0 | 今汐:T2@0鸣=10.0,幽冥的忘忧章:signature->弗洛洛@1鸣=50.0 | 焰光裁定:signature->赞妮@1鸣=30.0 | 和光回唱:signature->菲比@1鸣=30.0 | 琼枝冰绡:signature->折枝@1鸣=10.0 | 血誓盟约:standard->常驻@1鸣=20.0 | 浩境粼光:standard->常驻@1鸣=20.0 | 千古洑流:signature->今汐@1鸣=10.0 | 擎渊怒涛:standard->常驻@1鸣=20.0 | 擎渊怒涛:standard->常驻@1鸣=20.0 | 漪澜浮录:standard->常驻@1鸣=20.0
82,35818411,157,75,32,0.81,560.00,214.00,774.81,4.935,11,4,维里奈:T1@2鸣=68.0 | 今汐:T2@1鸣=14.0 | 爱弥斯:T0@0鸣=111.0 | 嘉贝莉娜:T0.5@0鸣=70.0 | 奥古斯塔:T0.5@0鸣=99.0 | 菲比:T1@0鸣=40.0 | 珂莱塔:T1@0鸣=55.0 | 椿:T1@0鸣=40.0 | 相里要:T2@0鸣=16.0 | 折枝:T2@0鸣=19.0 | 长离:T1@0鸣=28.0,千古洑流:signature->今汐@2鸣=14.0 | 驭冕铸雷之权:signature->奥古斯塔@1鸣=50.0 | 死与舞:signature->珂莱塔@1鸣=30.0 | 裁春:signature->椿@1鸣=30.0 | 诸方玄枢:signature->相里要@1鸣=10.0 | 时和岁稔:standard->常驻@1鸣=20.0 | 血誓盟约:standard->常驻@1鸣=20.0 | 浩境粼光:standard->常驻@1鸣=20.0 | 漪澜浮录:standard->常驻@1鸣=20.0
83,35015596,80,43,11,10.48,285.70,88.00,384.18,4.802,4,10,散华:T2@4鸣=30.1 | 卡提希娅:T0.5@1鸣=124.6 | 维里奈:T1@1鸣=56.0 | 莫宁:T0.5@0鸣=75.0,血誓盟约:standard->常驻@2鸣=28.0 | 不屈命定之冠:signature->卡提希娅@1鸣=50.0 | 千古洑流:signature->今汐@1鸣=10.0
84,35457782,150,66,25,0.01,604.20,110.00,714.21,4.761,11,13,散华:T2@5鸣=32.2 | 维里奈:T1@1鸣=56.0 | 千咲:T0.5@0鸣=90.0 | 嘉贝莉娜:T0.5@0鸣=70.0 | 弗洛洛:T0.5@0鸣=99.0 | 珂莱塔:T1@0鸣=55.0 | 椿:T1@0鸣=40.0 | 守岸人:T0@0鸣=108.0 | 相里要:T2@0鸣=16.0 | 长离:T1@0鸣=28.0 | 今汐:T2@0鸣=10.0,裁春:signature->椿@1鸣=30.0 | 血誓盟约:standard->常驻@1鸣=20.0 | 浩境粼光:standard->常驻@1鸣=20.0 | 千古洑流:signature->今汐@1鸣=10.0 | 千古洑流:signature->今汐@1鸣=10.0 | 漪澜浮录:standard->常驻@1鸣=20.0
85,35714532,80,56,10,0.69,297.60,80.00,378.29,4.729,5,12,散华:T2@6鸣=33.6 | 仇远:T1@0鸣=55.0 | 嘉贝莉娜:T0.5@0鸣=70.0 | 弗洛洛:T0.5@0鸣=99.0 | 维里奈:T1@0鸣=40.0,光影双生:signature->嘉贝莉娜@1鸣=50.0 | 血誓盟约:standard->常驻@1鸣=20.0 | 千古洑流:signature->今汐@1鸣=10.0
86,34621464,150,66,22,5.60,459.25,243.00,707.85,4.719,6,13,散华:T2@5鸣=32.2 | 卜灵:T2@3鸣=9.75 | 卡提希娅:T0.5@2鸣=151.3 | 维里奈:T1@1鸣=56.0 | 绯雪:T0@0鸣=111.0 | 奥古斯塔:T0.5@0鸣=99.0,血誓盟约:standard->常驻@5鸣=43.0 | 灼霜:signature->绯雪@1鸣=60.0 | 驭冕铸雷之权:signature->奥古斯塔@1鸣=50.0 | 不屈命定之冠:signature->卡提希娅@1鸣=50.0 | 停驻之烟:standard->常驻@1鸣=20.0 | 漪澜浮录:standard->常驻@1鸣=20.0
87,33942214,60,46,16,6.28,256.55,20.00,282.82,4.714,5,11,卜灵:T2@4鸣=10.75 | 散华:T2@2鸣=23.8 | 维里奈:T1@1鸣=56.0 | 西格莉卡:T0@0鸣=111.0 | 仇远:T1@0鸣=55.0,血誓盟约:standard->常驻@1鸣=20.0
88,33874314,150,60,25,112.48,393.60,199.00,705.08,4.701,7,12,散华:T2@6鸣=33.6 | 维里奈:T1@1鸣=56.0 | 琳奈:T0@0鸣=111.0 | 赞妮:T1@0鸣=40.0 | 菲比:T1@0鸣=40.0 | 守岸人:T0@0鸣=108.0 | 卜灵:T2@0鸣=5.0,血誓盟约:standard->常驻@4鸣=39.0 | 溢彩荧辉:signature->琳奈@1鸣=60.0 | 焰光裁定:signature->赞妮@1鸣=30.0 | 星序协响:signature->守岸人@1鸣=60.0 | 千古洑流:signature->今汐@1鸣=10.0
89,34763859,150,64,32,7.96,449.30,243.00,700.26,4.668,9,14,散华:T2@3鸣=27.3 | 维里奈:T1@2鸣=68.0 | 千咲:T0.5@0鸣=90.0 | 仇远:T1@0鸣=55.0 | 弗洛洛:T0.5@0鸣=99.0 | 坎特蕾拉:T1@0鸣=55.0 | 菲比:T1@0鸣=40.0 | 今汐:T2@0鸣=10.0 | 卜灵:T2@0鸣=5.0,血誓盟约:standard->常驻@5鸣=43.0 | 昙切:signature->千咲@2鸣=70.0 | 幽冥的忘忧章:signature->弗洛洛@1鸣=50.0 | 和光回唱:signature->菲比@1鸣=30.0 | 浩境粼光:standard->常驻@1鸣=20.0 | 千古洑流:signature->今汐@1鸣=10.0 | 漪澜浮录:standard->常驻@1鸣=20.0
90,35852652,50,52,11,0.99,162.30,70.00,233.29,4.666,4,12,散华:T2@3鸣=27.3 | 坎特蕾拉:T1@0鸣=55.0 | 椿:T1@0鸣=40.0 | 维里奈:T1@0鸣=40.0,裁春:signature->椿@1鸣=30.0 | 血誓盟约:standard->常驻@1鸣=20.0 | 漪澜浮录:standard->常驻@1鸣=20.0
91,35718066,108,65,15,0.00,330.60,172.00,502.60,4.654,5,4,赞妮:T1@2鸣=68.0 | 卡提希娅:T0.5@1鸣=124.6 | 嘉贝莉娜:T0.5@0鸣=70.0 | 长离:T1@0鸣=28.0 | 维里奈:T1@0鸣=40.0,血誓盟约:standard->常驻@2鸣=28.0 | 千古洑流:signature->今汐@2鸣=14.0 | 光影双生:signature->嘉贝莉娜@1鸣=50.0 | 不屈命定之冠:signature->卡提希娅@1鸣=50.0 | 焰光裁定:signature->赞妮@1鸣=30.0
92,35077993,150,54,20,1.31,494.00,200.00,695.31,4.635,7,13,散华:T2@3鸣=27.3 | 绯雪:T0@2鸣=188.7 | 维里奈:T1@2鸣=68.0 | 莫宁:T0.5@1鸣=105.0 | 卜灵:T2@1鸣=7.0 | 尤诺:T0.5@0鸣=79.0 | 忌炎:T2@0鸣=19.0,灼霜:signature->绯雪@1鸣=60.0 | 宙算仪轨:signature->莫宁@1鸣=50.0 | 万物持存的注释:signature->尤诺@1鸣=50.0 | 血誓盟约:standard->常驻@1鸣=20.0 | 浩境粼光:standard->常驻@1鸣=20.0
93,35724819,125,60,11,2.73,445.80,130.00,578.53,4.628,7,12,散华:T2@2鸣=23.8 | 卜灵:T2@1鸣=7.0 | 尤诺:T0.5@0鸣=79.0 | 弗洛洛:T0.5@0鸣=99.0 | 卡提希娅:T0.5@0鸣=89.0 | 守岸人:T0@0鸣=108.0 | 维里奈:T1@0鸣=40.0,源能机锋:standard->常驻@1鸣=20.0 | 万物持存的注释:signature->尤诺@1鸣=50.0 | 幽冥的忘忧章:signature->弗洛洛@1鸣=50.0 | 千古洑流:signature->今汐@1鸣=10.0
94,35604068,120,66,22,37.45,375.00,139.00,551.45,4.595,4,12,千咲:T0.5@6鸣=216.0 | 维里奈:T1@1鸣=56.0 | 卡提希娅:T0.5@0鸣=89.0 | 散华:T2@0鸣=14.0,血誓盟约:standard->常驻@4鸣=39.0 | 镭射切变:standard->常驻@1鸣=20.0 | 昙切:signature->千咲@1鸣=50.0 | 浩境粼光:standard->常驻@1鸣=20.0 | 千古洑流:signature->今汐@1鸣=10.0
95,34384632,150,57,17,0.81,556.60,130.00,687.41,4.583,9,13,散华:T2@6鸣=33.6 | 珂莱塔:T1@1鸣=77.0 | 维里奈:T1@1鸣=56.0 | 绯雪:T0@0鸣=111.0 | 莫宁:T0.5@0鸣=75.0 | 仇远:T1@0鸣=55.0 | 卡提希娅:T0.5@0鸣=89.0 | 坎特蕾拉:T1@0鸣=55.0 | 卜灵:T2@0鸣=5.0,灼霜:signature->绯雪@1鸣=60.0 | 镭射切变:standard->常驻@1鸣=20.0 | 血誓盟约:standard->常驻@1鸣=20.0 | 千古洑流:signature->今汐@1鸣=10.0 | 停驻之烟:standard->常驻@1鸣=20.0
96,34743735,142,0,21,0.00,516.00,130.00,646.00,4.549,9,3,维里奈:T1@2鸣=68.0 | 千咲:T0.5@0鸣=90.0 | 卡提希娅:T0.5@0鸣=89.0 | 赞妮:T1@0鸣=40.0 | 坎特蕾拉:T1@0鸣=55.0 | 菲比:T1@0鸣=40.0 | 守岸人:T0@0鸣=108.0 | 吟霖:T2@0鸣=7.0 | 忌炎:T2@0鸣=19.0,焰光裁定:signature->赞妮@1鸣=30.0 | 星序协响:signature->守岸人@1鸣=60.0 | 苍鳞千嶂:signature->忌炎@1鸣=10.0 | 血誓盟约:standard->常驻@1鸣=20.0 | 千古洑流:signature->今汐@1鸣=10.0
97,32130064,150,59,20,5.64,523.20,150.00,678.84,4.526,10,13,散华:T2@5鸣=32.2 | 维里奈:T1@3鸣=78.0 | 千咲:T0.5@0鸣=90.0 | 卡提希娅:T0.5@0鸣=89.0 | 赞妮:T1@0鸣=40.0 | 坎特蕾拉:T1@0鸣=55.0 | 守岸人:T0@0鸣=108.0 | 相里要:T2@0鸣=16.0 | 今汐:T2@0鸣=10.0 | 卜灵:T2@0鸣=5.0,不屈命定之冠:signature->卡提希娅@1鸣=50.0 | 星序协响:signature->守岸人@1鸣=60.0 | 血誓盟约:standard->常驻@1鸣=20.0 | 漪澜浮录:standard->常驻@1鸣=20.0
98,34727356,140,0,24,0.00,503.00,130.00,633.00,4.521,9,3,维里奈:T1@2鸣=68.0 | 椿:T1@1鸣=56.0 | 千咲:T0.5@0鸣=90.0 | 露帕:T0.5@0鸣=70.0 | 卡提希娅:T0.5@0鸣=89.0 | 布兰特:T1@0鸣=46.0 | 菲比:T1@0鸣=40.0 | 相里要:T2@0鸣=16.0 | 长离:T1@0鸣=28.0,和光回唱:signature->菲比@1鸣=30.0 | 诸方玄枢:signature->相里要@1鸣=10.0 | 赫奕流明:signature->长离@1鸣=30.0 | 掣傀之手:signature->吟霖@1鸣=10.0 | 血誓盟约:standard->常驻@1鸣=20.0 | 浩境粼光:standard->常驻@1鸣=20.0 | 千古洑流:signature->今汐@1鸣=10.0
99,29055204,110,72,21,0.00,395.20,100.00,495.20,4.502,9,14,散华:T2@5鸣=32.2 | 维里奈:T1@1鸣=56.0 | 卡提希娅:T0.5@0鸣=89.0 | 椿:T1@0鸣=40.0 | 守岸人:T0@0鸣=108.0 | 相里要:T2@0鸣=16.0 | 长离:T1@0鸣=28.0 | 吟霖:T2@0鸣=7.0 | 忌炎:T2@0鸣=19.0,裁春:signature->椿@1鸣=30.0 | 赫奕流明:signature->长离@1鸣=30.0 | 血誓盟约:standard->常驻@1鸣=20.0 | 漪澜浮录:standard->常驻@1鸣=20.0
100,8978449,130,70,20,0.00,422.60,160.00,582.60,4.482,7,14,散华:T2@6鸣=33.6 | 珂莱塔:T1@1鸣=77.0 | 维里奈:T1@1鸣=56.0 | 卡提希娅:T0.5@0鸣=89.0 | 菲比:T1@0鸣=40.0 | 守岸人:T0@0鸣=108.0 | 折枝:T2@0鸣=19.0,死与舞:signature->珂莱塔@1鸣=30.0 | 星序协响:signature->守岸人@1鸣=60.0 | 血誓盟约:standard->常驻@1鸣=20.0 | 千古洑流:signature->今汐@1鸣=10.0 | 停驻之烟:standard->常驻@1鸣=20.0 | 漪澜浮录:standard->常驻@1鸣=20.0
101,35268098,90,41,9,0.96,310.10,90.00,401.06,4.456,5,10,散华:T2@4鸣=30.1 | 维里奈:T1@1鸣=56.0 | 绯雪:T0@0鸣=111.0 | 守岸人:T0@0鸣=108.0 | 卜灵:T2@0鸣=5.0,灼霜:signature->绯雪@1鸣=60.0 | 血誓盟约:standard->常驻@1鸣=20.0 | 千古洑流:signature->今汐@1鸣=10.0
102,35482426,90,67,19,8.54,307.35,80.00,395.89,4.399,8,12,散华:T2@6鸣=33.6 | 卜灵:T2@3鸣=9.75 | 坎特蕾拉:T1@1鸣=77.0 | 千咲:T0.5@0鸣=90.0 | 赞妮:T1@0鸣=40.0 | 菲比:T1@0鸣=40.0 | 今汐:T2@0鸣=10.0 | 吟霖:T2@0鸣=7.0,时和岁稔:standard->常驻@1鸣=20.0 | 血誓盟约:standard->常驻@1鸣=20.0 | 浩境粼光:standard->常驻@1鸣=20.0 | 擎渊怒涛:standard->常驻@1鸣=20.0
103,34989398,160,63,26,0.47,483.60,218.00,702.08,4.388,9,4,卡提希娅:T0.5@1鸣=124.6 | 维里奈:T1@1鸣=56.0 | 夏空:T1@0鸣=55.0 | 坎特蕾拉:T1@0鸣=55.0 | 椿:T1@0鸣=40.0 | 守岸人:T0@0鸣=108.0 | 长离:T1@0鸣=28.0 | 今汐:T2@0鸣=10.0 | 吟霖:T2@0鸣=7.0,血誓盟约:standard->常驻@2鸣=28.0 | 灼霜:signature->绯雪@1鸣=60.0 | 不屈命定之冠:signature->卡提希娅@1鸣=50.0 | 裁春:signature->椿@1鸣=30.0 | 浩境粼光:standard->常驻@1鸣=20.0 | 千古洑流:signature->今汐@1鸣=10.0 | 漪澜浮录:standard->常驻@1鸣=20.0
104,35734904,50,38,5,1.09,188.00,30.00,219.09,4.382,4,8,维里奈:T1@1鸣=56.0 | 卜灵:T2@1鸣=7.0 | 琳奈:T0@0鸣=111.0 | 散华:T2@0鸣=14.0,血誓盟约:standard->常驻@1鸣=20.0 | 千古洑流:signature->今汐@1鸣=10.0
105,33872361,130,71,25,0.03,448.60,120.00,568.63,4.374,10,13,散华:T2@6鸣=33.6 | 维里奈:T1@2鸣=68.0 | 爱弥斯:T0@0鸣=111.0 | 卡提希娅:T0.5@0鸣=89.0 | 坎特蕾拉:T1@0鸣=55.0 | 椿:T1@0鸣=40.0 | 相里要:T2@0鸣=16.0 | 折枝:T2@0鸣=19.0 | 今汐:T2@0鸣=10.0 | 吟霖:T2@0鸣=7.0,不屈命定之冠:signature->卡提希娅@1鸣=50.0 | 时和岁稔:standard->常驻@1鸣=20.0 | 掣傀之手:signature->吟霖@1鸣=10.0 | 血誓盟约:standard->常驻@1鸣=20.0 | 千古洑流:signature->今汐@1鸣=10.0 | 千古洑流:signature->今汐@1鸣=10.0
106,35124607,90,31,10,0.10,362.30,30.00,392.40,4.360,8,11,散华:T2@3鸣=27.3 | 西格莉卡:T0@0鸣=111.0 | 卡提希娅:T0.5@0鸣=89.0 | 菲比:T1@0鸣=40.0 | 椿:T1@0鸣=40.0 | 今汐:T2@0鸣=10.0 | 维里奈:T1@0鸣=40.0 | 卜灵:T2@0鸣=5.0,血誓盟约:standard->常驻@1鸣=20.0 | 千古洑流:signature->今汐@1鸣=10.0
107,34541525,154,78,30,0.00,431.00,239.00,670.00,4.351,8,4,珂莱塔:T1@1鸣=77.0 | 今汐:T2@1鸣=14.0 | 维里奈:T1@1鸣=56.0 | 千咲:T0.5@0鸣=90.0 | 露帕:T0.5@0鸣=70.0 | 卡提希娅:T0.5@0鸣=89.0 | 相里要:T2@0鸣=16.0 | 折枝:T2@0鸣=19.0,血誓盟约:standard->常驻@4鸣=39.0 | 昙切:signature->千咲@1鸣=50.0 | 不屈命定之冠:signature->卡提希娅@1鸣=50.0 | 死与舞:signature->珂莱塔@1鸣=30.0 | 时和岁稔:standard->常驻@1鸣=20.0 | 千古洑流:signature->今汐@1鸣=10.0 | 停驻之烟:standard->常驻@1鸣=20.0 | 漪澜浮录:standard->常驻@1鸣=20.0
108,35017467,100,66,15,0.96,339.60,90.00,430.56,4.306,6,11,散华:T2@6鸣=33.6 | 菲比:T1@2鸣=68.0 | 维里奈:T1@2鸣=68.0 | 绯雪:T0@0鸣=111.0 | 椿:T1@0鸣=40.0 | 折枝:T2@0鸣=19.0,和光回唱:signature->菲比@1鸣=30.0 | 血誓盟约:standard->常驻@1鸣=20.0 | 千古洑流:signature->今汐@1鸣=10.0 | 千古洑流:signature->今汐@1鸣=10.0 | 停驻之烟:standard->常驻@1鸣=20.0
109,34537064,120,80,25,0.00,366.60,150.00,516.60,4.305,5,4,维里奈:T1@3鸣=78.0 | 守岸人:T0@2鸣=183.6 | 珂莱塔:T1@0鸣=55.0 | 椿:T1@0鸣=40.0 | 今汐:T2@0鸣=10.0,死与舞:signature->珂莱塔@1鸣=30.0 | 裁春:signature->椿@1鸣=30.0 | 时和岁稔:standard->常驻@1鸣=20.0 | 血誓盟约:standard->常驻@1鸣=20.0 | 浩境粼光:standard->常驻@1鸣=20.0 | 千古洑流:signature->今汐@1鸣=10.0 | 停驻之烟:standard->常驻@1鸣=20.0
110,35750365,150,61,22,0.58,470.60,173.00,644.18,4.295,5,13,琳奈:T0@6鸣=266.4 | 散华:T2@5鸣=32.2 | 维里奈:T1@1鸣=56.0 | 绯雪:T0@0鸣=111.0 | 卜灵:T2@0鸣=5.0,血誓盟约:standard->常驻@5鸣=43.0 | 溢彩荧辉:signature->琳奈@1鸣=60.0 | 昙切:signature->千咲@1鸣=50.0 | 漪澜浮录:standard->常驻@1鸣=20.0
111,34917108,130,58,17,8.84,417.60,130.00,556.44,4.280,7,12,散华:T2@6鸣=33.6 | 维里奈:T1@3鸣=78.0 | 椿:T1@1鸣=56.0 | 绯雪:T0@0鸣=111.0 | 卡提希娅:T0.5@0鸣=89.0 | 赞妮:T1@0鸣=40.0 | 今汐:T2@0鸣=10.0,灼霜:signature->绯雪@1鸣=60.0 | 时和岁稔:standard->常驻@1鸣=20.0 | 血誓盟约:standard->常驻@1鸣=20.0 | 千古洑流:signature->今汐@1鸣=10.0 | 擎渊怒涛:standard->常驻@1鸣=20.0
112,30305172,99,56,19,0.00,230.20,190.00,420.20,4.244,6,12,散华:T2@5鸣=32.2 | 仇远:T1@1鸣=77.0 | 珂莱塔:T1@0鸣=55.0 | 相里要:T2@0鸣=16.0 | 今汐:T2@0鸣=10.0 | 维里奈:T1@0鸣=40.0,溢彩荧辉:signature->琳奈@1鸣=60.0 | 裁竹:signature->仇远@1鸣=30.0 | 诸方玄枢:signature->相里要@1鸣=10.0 | 时和岁稔:standard->常驻@1鸣=20.0 | 血誓盟约:standard->常驻@1鸣=20.0 | 浩境粼光:standard->常驻@1鸣=20.0 | 千古洑流:signature->今汐@1鸣=10.0 | 擎渊怒涛:standard->常驻@1鸣=20.0
113,35817757,136,80,34,6.71,452.50,117.00,576.21,4.237,11,3,相里要:T2@2鸣=27.2 | 忌炎:T2@2鸣=32.3 | 菲比:T1@1鸣=56.0 | 维里奈:T1@1鸣=56.0 | 卡提希娅:T0.5@0鸣=89.0 | 赞妮:T1@0鸣=40.0 | 珂莱塔:T1@0鸣=55.0 | 椿:T1@0鸣=40.0 | 折枝:T2@0鸣=19.0 | 长离:T1@0鸣=28.0 | 今汐:T2@0鸣=10.0,千古洑流:signature->今汐@3鸣=17.0 | 死与舞:signature->珂莱塔@1鸣=30.0 | 诸方玄枢:signature->相里要@1鸣=10.0 | 时和岁稔:standard->常驻@1鸣=20.0 | 苍鳞千嶂:signature->忌炎@1鸣=10.0 | 血誓盟约:standard->常驻@1鸣=20.0 | 千古洑流:signature->今汐@1鸣=10.0
114,35814988,105,80,22,0.80,273.00,170.00,443.80,4.227,7,3,今汐:T2@1鸣=14.0 | 卡提希娅:T0.5@0鸣=89.0 | 珂莱塔:T1@0鸣=55.0 | 椿:T1@0鸣=40.0 | 相里要:T2@0鸣=16.0 | 忌炎:T2@0鸣=19.0 | 维里奈:T1@0鸣=40.0,不屈命定之冠:signature->卡提希娅@1鸣=50.0 | 裁春:signature->椿@1鸣=30.0 | 时和岁稔:standard->常驻@1鸣=20.0 | 血誓盟约:standard->常驻@1鸣=20.0 | 浩境粼光:standard->常驻@1鸣=20.0 | 千古洑流:signature->今汐@1鸣=10.0 | 停驻之烟:standard->常驻@1鸣=20.0
115,28748185,90,55,13,0.00,254.60,120.00,374.60,4.162,7,10,散华:T2@6鸣=33.6 | 守岸人:T0@0鸣=108.0 | 相里要:T2@0鸣=16.0 | 折枝:T2@0鸣=19.0 | 长离:T1@0鸣=28.0 | 今汐:T2@0鸣=10.0 | 维里奈:T1@0鸣=40.0,星序协响:signature->守岸人@1鸣=60.0 | 时和岁稔:standard->常驻@1鸣=20.0 | 千古洑流:signature->今汐@1鸣=10.0 | 千古洑流:signature->今汐@1鸣=10.0 | 停驻之烟:standard->常驻@1鸣=20.0
116,34740908,126,0,20,0.00,363.00,160.00,523.00,4.151,7,4,维里奈:T1@1鸣=56.0 | 西格莉卡:T0@0鸣=111.0 | 珂莱塔:T1@0鸣=55.0 | 守岸人:T0@0鸣=108.0 | 相里要:T2@0鸣=16.0 | 今汐:T2@0鸣=10.0 | 吟霖:T2@0鸣=7.0,死与舞:signature->珂莱塔@1鸣=30.0 | 星序协响:signature->守岸人@1鸣=60.0 | 血誓盟约:standard->常驻@1鸣=20.0 | 浩境粼光:standard->常驻@1鸣=20.0 | 千古洑流:signature->今汐@1鸣=10.0 | 擎渊怒涛:standard->常驻@1鸣=20.0
117,34414497,135,57,27,0.86,419.25,140.00,560.11,4.149,5,13,卜灵:T2@6鸣=12.0 | 散华:T2@6鸣=33.6 | 西格莉卡:T0@4鸣=238.65 | 维里奈:T1@1鸣=56.0 | 尤诺:T0.5@0鸣=79.0,昭日译注:signature->西格莉卡@1鸣=60.0 | 万物持存的注释:signature->尤诺@1鸣=50.0 | 血誓盟约:standard->常驻@1鸣=20.0 | 千古洑流:signature->今汐@1鸣=10.0
118,34306836,130,59,26,6.41,417.95,113.00,537.36,4.134,5,12,卡提希娅:T0.5@4鸣=191.35 | 维里奈:T1@1鸣=56.0 | 散华:T2@1鸣=19.6 | 爱弥斯:T0@0鸣=111.0 | 椿:T1@0鸣=40.0,血誓盟约:standard->常驻@5鸣=43.0 | 不屈命定之冠:signature->卡提希娅@1鸣=50.0 | 漪澜浮录:standard->常驻@1鸣=20.0
119,35196911,130,60,23,0.61,382.60,154.00,537.21,4.132,7,15,散华:T2@5鸣=32.2 | 卡提希娅:T0.5@1鸣=124.6 | 椿:T1@1鸣=56.0 | 吟霖:T2@1鸣=9.8 | 维里奈:T1@1鸣=56.0 | 弗洛洛:T0.5@0鸣=99.0 | 卜灵:T2@0鸣=5.0,血誓盟约:standard->常驻@3鸣=34.0 | 不屈命定之冠:signature->卡提希娅@1鸣=50.0 | 裁春:signature->椿@1鸣=30.0 | 掣傀之手:signature->吟霖@1鸣=10.0 | 千古洑流:signature->今汐@1鸣=10.0 | 漪澜浮录:standard->常驻@1鸣=20.0
120,34537161,120,77,24,0.00,303.00,190.00,493.00,4.108,9,4,维里奈:T1@1鸣=56.0 | 菲比:T1@0鸣=40.0 | 守岸人:T0@0鸣=108.0 | 相里要:T2@0鸣=16.0 | 折枝:T2@0鸣=19.0 | 长离:T1@0鸣=28.0 | 今汐:T2@0鸣=10.0 | 吟霖:T2@0鸣=7.0 | 忌炎:T2@0鸣=19.0,和光回唱:signature->菲比@1鸣=30.0 | 星序协响:signature->守岸人@1鸣=60.0 | 诸方玄枢:signature->相里要@1鸣=10.0 | 琼枝冰绡:signature->折枝@1鸣=10.0 | 赫奕流明:signature->长离@1鸣=30.0 | 掣傀之手:signature->吟霖@1鸣=10.0 | 苍鳞千嶂:signature->忌炎@1鸣=10.0 | 千古洑流:signature->今汐@1鸣=10.0 | 漪澜浮录:standard->常驻@1鸣=20.0
121,34531972,80,70,18,0.00,196.00,130.00,326.00,4.075,6,3,维里奈:T1@1鸣=56.0 | 珂莱塔:T1@0鸣=55.0 | 椿:T1@0鸣=40.0 | 相里要:T2@0鸣=16.0 | 今汐:T2@0鸣=10.0 | 忌炎:T2@0鸣=19.0,死与舞:signature->珂莱塔@1鸣=30.0 | 裁春:signature->椿@1鸣=30.0 | 诸方玄枢:signature->相里要@1鸣=10.0 | 时和岁稔:standard->常驻@1鸣=20.0 | 苍鳞千嶂:signature->忌炎@1鸣=10.0 | 千古洑流:signature->今汐@1鸣=10.0 | 漪澜浮录:standard->常驻@1鸣=20.0
122,8107396,80,70,18,0.00,196.00,130.00,326.00,4.075,6,3,维里奈:T1@1鸣=56.0 | 珂莱塔:T1@0鸣=55.0 | 椿:T1@0鸣=40.0 | 相里要:T2@0鸣=16.0 | 今汐:T2@0鸣=10.0 | 忌炎:T2@0鸣=19.0,死与舞:signature->珂莱塔@1鸣=30.0 | 裁春:signature->椿@1鸣=30.0 | 诸方玄枢:signature->相里要@1鸣=10.0 | 时和岁稔:standard->常驻@1鸣=20.0 | 苍鳞千嶂:signature->忌炎@1鸣=10.0 | 千古洑流:signature->今汐@1鸣=10.0 | 漪澜浮录:standard->常驻@1鸣=20.0
123,35872022,105,62,17,1.33,324.00,100.00,425.33,4.051,8,3,卡提希娅:T0.5@0鸣=89.0 | 坎特蕾拉:T1@0鸣=55.0 | 珂莱塔:T1@0鸣=55.0 | 椿:T1@0鸣=40.0 | 折枝:T2@0鸣=19.0 | 吟霖:T2@0鸣=7.0 | 忌炎:T2@0鸣=19.0 | 维里奈:T1@0鸣=40.0,裁春:signature->椿@1鸣=30.0 | 掣傀之手:signature->吟霖@1鸣=10.0 | 苍鳞千嶂:signature->忌炎@1鸣=10.0 | 血誓盟约:standard->常驻@1鸣=20.0 | 千古洑流:signature->今汐@1鸣=10.0 | 停驻之烟:standard->常驻@1鸣=20.0
124,35938493,130,53,14,0.24,354.30,170.00,524.54,4.035,7,13,散华:T2@3鸣=27.3 | 卜灵:T2@1鸣=7.0 | 绯雪:T0@0鸣=111.0 | 卡提希娅:T0.5@0鸣=89.0 | 赞妮:T1@0鸣=40.0 | 菲比:T1@0鸣=40.0 | 维里奈:T1@0鸣=40.0,灼霜:signature->绯雪@1鸣=60.0 | 不屈命定之冠:signature->卡提希娅@1鸣=50.0 | 血誓盟约:standard->常驻@1鸣=20.0 | 擎渊怒涛:standard->常驻@1鸣=20.0 | 漪澜浮录:standard->常驻@1鸣=20.0
125,34884901,130,52,18,0.55,387.55,133.00,521.10,4.008,5,12,绯雪:T0@3鸣=216.45 | 维里奈:T1@2鸣=68.0 | 卜灵:T2@2鸣=8.5 | 散华:T2@1鸣=19.6 | 莫宁:T0.5@0鸣=75.0,血誓盟约:standard->常驻@5鸣=43.0 | 灼霜:signature->绯雪@1鸣=60.0 | 浩境粼光:standard->常驻@1鸣=20.0 | 千古洑流:signature->今汐@1鸣=10.0
126,34848699,140,71,23,1.33,467.00,92.00,560.33,4.002,9,3,维里奈:T1@2鸣=68.0 | 椿:T1@1鸣=56.0 | 尤诺:T0.5@0鸣=79.0 | 奥古斯塔:T0.5@0鸣=99.0 | 卡提希娅:T0.5@0鸣=89.0 | 赞妮:T1@0鸣=40.0 | 今汐:T2@0鸣=10.0 | 吟霖:T2@0鸣=7.0 | 忌炎:T2@0鸣=19.0,裁春:signature->椿@2鸣=42.0 | 焰光裁定:signature->赞妮@1鸣=30.0 | 漪澜浮录:standard->常驻@1鸣=20.0
127,30206647,160,67,19,0.00,504.10,133.00,637.10,3.982,7,13,散华:T2@4鸣=30.1 | 坎特蕾拉:T1@1鸣=77.0 | 维里奈:T1@1鸣=56.0 | 尤诺:T0.5@0鸣=79.0 | 奥古斯塔:T0.5@0鸣=99.0 | 珂莱塔:T1@0鸣=55.0 | 守岸人:T0@0鸣=108.0,血誓盟约:standard->常驻@5鸣=43.0 | 驭冕铸雷之权:signature->奥古斯塔@1鸣=50.0 | 停驻之烟:standard->常驻@1鸣=20.0 | 漪澜浮录:standard->常驻@1鸣=20.0
128,35213354,140,58,13,0.72,388.45,168.00,557.17,3.980,5,12,爱弥斯:T0@3鸣=216.45 | 卜灵:T2@1鸣=7.0 | 绯雪:T0@0鸣=111.0 | 维里奈:T1@0鸣=40.0 | 散华:T2@0鸣=14.0,血誓盟约:standard->常驻@2鸣=28.0 | 灼霜:signature->绯雪@1鸣=60.0 | 永远的启明星:signature->爱弥斯@1鸣=60.0 | 源能机锋:standard->常驻@1鸣=20.0
129,28777538,130,80,25,0.00,366.60,150.00,516.60,3.974,5,4,维里奈:T1@3鸣=78.0 | 守岸人:T0@2鸣=183.6 | 珂莱塔:T1@0鸣=55.0 | 椿:T1@0鸣=40.0 | 今汐:T2@0鸣=10.0,死与舞:signature->珂莱塔@1鸣=30.0 | 裁春:signature->椿@1鸣=30.0 | 时和岁稔:standard->常驻@1鸣=20.0 | 血誓盟约:standard->常驻@1鸣=20.0 | 浩境粼光:standard->常驻@1鸣=20.0 | 千古洑流:signature->今汐@1鸣=10.0 | 停驻之烟:standard->常驻@1鸣=20.0
130,35619888,127,65,15,0.00,330.60,172.00,502.60,3.957,5,4,赞妮:T1@2鸣=68.0 | 卡提希娅:T0.5@1鸣=124.6 | 嘉贝莉娜:T0.5@0鸣=70.0 | 长离:T1@0鸣=28.0 | 维里奈:T1@0鸣=40.0,血誓盟约:standard->常驻@2鸣=28.0 | 千古洑流:signature->今汐@2鸣=14.0 | 光影双生:signature->嘉贝莉娜@1鸣=50.0 | 不屈命定之冠:signature->卡提希娅@1鸣=50.0 | 焰光裁定:signature->赞妮@1鸣=30.0
131,34222350,95,45,13,6.56,299.40,70.00,375.96,3.957,5,13,散华:T2@2鸣=23.8 | 卡提希娅:T0.5@1鸣=124.6 | 维里奈:T1@1鸣=56.0 | 夏空:T1@0鸣=55.0 | 椿:T1@0鸣=40.0,不屈命定之冠:signature->卡提希娅@1鸣=50.0 | 血誓盟约:standard->常驻@1鸣=20.0
132,35847332,88,54,16,0.00,305.60,40.00,345.60,3.927,4,11,达妮娅:T0.5@6鸣=204.0 | 卜灵:T2@6鸣=12.0 | 散华:T2@6鸣=33.6 | 维里奈:T1@1鸣=56.0,血誓盟约:standard->常驻@1鸣=20.0 | 千古洑流:signature->今汐@1鸣=10.0 | 千古洑流:signature->今汐@1鸣=10.0
133,34541240,160,62,21,0.00,426.00,200.00,626.00,3.913,8,3,维里奈:T1@1鸣=56.0 | 卡提希娅:T0.5@0鸣=89.0 | 夏空:T1@0鸣=55.0 | 菲比:T1@0鸣=40.0 | 珂莱塔:T1@0鸣=55.0 | 守岸人:T0@0鸣=108.0 | 相里要:T2@0鸣=16.0 | 吟霖:T2@0鸣=7.0,不屈命定之冠:signature->卡提希娅@1鸣=50.0 | 和光回唱:signature->菲比@1鸣=30.0 | 死与舞:signature->珂莱塔@1鸣=30.0 | 星序协响:signature->守岸人@1鸣=60.0 | 血誓盟约:standard->常驻@1鸣=20.0 | 千古洑流:signature->今汐@1鸣=10.0
134,34540788,158,59,20,0.00,477.60,140.00,617.60,3.909,5,3,卡提希娅:T0.5@1鸣=124.6 | 琳奈:T0@0鸣=111.0 | 尤诺:T0.5@0鸣=79.0 | 珂莱塔:T1@0鸣=55.0 | 守岸人:T0@0鸣=108.0,不屈命定之冠:signature->卡提希娅@1鸣=50.0 | 血誓盟约:standard->常驻@1鸣=20.0 | 千古洑流:signature->今汐@1鸣=10.0 | 停驻之烟:standard->常驻@1鸣=20.0 | 擎渊怒涛:standard->常驻@1鸣=20.0 | 漪澜浮录:standard->常驻@1鸣=20.0
135,34537500,150,79,23,0.00,322.00,260.00,582.00,3.880,7,3,维里奈:T1@1鸣=56.0 | 珂莱塔:T1@0鸣=55.0 | 椿:T1@0鸣=40.0 | 守岸人:T0@0鸣=108.0 | 相里要:T2@0鸣=16.0 | 长离:T1@0鸣=28.0 | 忌炎:T2@0鸣=19.0,死与舞:signature->珂莱塔@1鸣=30.0 | 裁春:signature->椿@1鸣=30.0 | 星序协响:signature->守岸人@1鸣=60.0 | 诸方玄枢:signature->相里要@1鸣=10.0 | 赫奕流明:signature->长离@1鸣=30.0 | 苍鳞千嶂:signature->忌炎@1鸣=10.0 | 浩境粼光:standard->常驻@1鸣=20.0 | 千古洑流:signature->今汐@1鸣=10.0 | 停驻之烟:standard->常驻@1鸣=20.0 | 擎渊怒涛:standard->常驻@1鸣=20.0 | 漪澜浮录:standard->常驻@1鸣=20.0
136,34532026,120,80,27,0.00,303.60,154.00,457.60,3.813,9,3,椿:T1@1鸣=56.0 | 忌炎:T2@1鸣=26.6 | 维里奈:T1@1鸣=56.0 | 菲比:T1@0鸣=40.0 | 珂莱塔:T1@0鸣=55.0 | 相里要:T2@0鸣=16.0 | 折枝:T2@0鸣=19.0 | 长离:T1@0鸣=28.0 | 吟霖:T2@0鸣=7.0,苍鳞千嶂:signature->忌炎@2鸣=14.0 | 和光回唱:signature->菲比@1鸣=30.0 | 死与舞:signature->珂莱塔@1鸣=30.0 | 裁春:signature->椿@1鸣=30.0 | 诸方玄枢:signature->相里要@1鸣=10.0 | 琼枝冰绡:signature->折枝@1鸣=10.0 | 千古洑流:signature->今汐@1鸣=10.0 | 停驻之烟:standard->常驻@1鸣=20.0
137,35947450,50,46,8,2.16,128.20,60.00,190.36,3.807,3,11,散华:T2@5鸣=32.2 | 维里奈:T1@1鸣=56.0 | 椿:T1@0鸣=40.0,裁春:signature->椿@1鸣=30.0 | 血誓盟约:standard->常驻@1鸣=20.0 | 千古洑流:signature->今汐@1鸣=10.0
138,34424409,118,54,22,1.19,356.90,90.00,448.09,3.797,4,11,卜灵:T2@6鸣=12.0 | 散华:T2@6鸣=33.6 | 西格莉卡:T0@5鸣=255.3 | 维里奈:T1@1鸣=56.0,昭日译注:signature->西格莉卡@1鸣=60.0 | 血誓盟约:standard->常驻@1鸣=20.0 | 千古洑流:signature->今汐@1鸣=10.0
139,30630667,70,53,8,0.00,212.80,50.00,262.80,3.754,5,9,散华:T2@2鸣=23.8 | 卡提希娅:T0.5@0鸣=89.0 | 夏空:T1@0鸣=55.0 | 维里奈:T1@0鸣=40.0 | 卜灵:T2@0鸣=5.0,血誓盟约:standard->常驻@1鸣=20.0 | 千古洑流:signature->今汐@1鸣=10.0 | 停驻之烟:standard->常驻@1鸣=20.0
140,35427263,150,55,19,0.42,431.05,123.00,554.47,3.696,5,13,散华:T2@6鸣=33.6 | 绯雪:T0@3鸣=216.45 | 维里奈:T1@2鸣=68.0 | 守岸人:T0@0鸣=108.0 | 卜灵:T2@0鸣=5.0,血誓盟约:standard->常驻@5鸣=43.0 | 灼霜:signature->绯雪@1鸣=60.0 | 浩境粼光:standard->常驻@1鸣=20.0
141,30306506,150,47,15,0.00,333.60,210.00,543.60,3.624,6,14,卜灵:T2@6鸣=12.0 | 散华:T2@1鸣=19.6 | 弗洛洛:T0.5@0鸣=99.0 | 坎特蕾拉:T1@0鸣=55.0 | 守岸人:T0@0鸣=108.0 | 维里奈:T1@0鸣=40.0,万物持存的注释:signature->尤诺@1鸣=50.0 | 幽冥的忘忧章:signature->弗洛洛@1鸣=50.0 | 星序协响:signature->守岸人@1鸣=60.0 | 血誓盟约:standard->常驻@1鸣=20.0 | 千古洑流:signature->今汐@1鸣=10.0 | 漪澜浮录:standard->常驻@1鸣=20.0
142,34348916,110,37,17,0.24,367.60,30.00,397.84,3.617,8,14,散华:T2@6鸣=33.6 | 维里奈:T1@1鸣=56.0 | 仇远:T1@0鸣=55.0 | 卡提希娅:T0.5@0鸣=89.0 | 夏空:T1@0鸣=55.0 | 珂莱塔:T1@0鸣=55.0 | 忌炎:T2@0鸣=19.0 | 卜灵:T2@0鸣=5.0,焰光裁定:signature->赞妮@1鸣=30.0
143,5792972,45,47,10,0.00,122.70,40.00,162.70,3.616,4,10,散华:T2@4鸣=30.1 | 忌炎:T2@1鸣=26.6 | 维里奈:T1@1鸣=56.0 | 今汐:T2@0鸣=10.0,时和岁稔:standard->常驻@1鸣=20.0 | 苍鳞千嶂:signature->忌炎@1鸣=10.0 | 千古洑流:signature->今汐@1鸣=10.0
144,34531879,70,55,17,0.00,153.00,100.00,253.00,3.614,6,3,菲比:T1@0鸣=40.0 | 相里要:T2@0鸣=16.0 | 长离:T1@0鸣=28.0 | 今汐:T2@0鸣=10.0 | 忌炎:T2@0鸣=19.0 | 维里奈:T1@0鸣=40.0,诸方玄枢:signature->相里要@1鸣=10.0 | 赫奕流明:signature->长离@1鸣=30.0 | 时和岁稔:standard->常驻@1鸣=20.0 | 苍鳞千嶂:signature->忌炎@1鸣=10.0 | 千古洑流:signature->今汐@1鸣=10.0 | 擎渊怒涛:standard->常驻@1鸣=20.0
145,28777639,120,69,20,0.00,283.60,150.00,433.60,3.613,7,2,赞妮:T1@3鸣=78.0 | 折枝:T2@1鸣=26.6 | 夏空:T1@0鸣=55.0 | 椿:T1@0鸣=40.0 | 相里要:T2@0鸣=16.0 | 长离:T1@0鸣=28.0 | 维里奈:T1@0鸣=40.0,焰光裁定:signature->赞妮@1鸣=30.0 | 裁春:signature->椿@1鸣=30.0 | 琼枝冰绡:signature->折枝@1鸣=10.0 | 赫奕流明:signature->长离@1鸣=30.0 | 血誓盟约:standard->常驻@1鸣=20.0 | 千古洑流:signature->今汐@1鸣=10.0 | 停驻之烟:standard->常驻@1鸣=20.0
146,35909455,100,17,6,3.67,356.30,0.00,359.97,3.600,5,11,散华:T2@3鸣=27.3 | 爱弥斯:T0@0鸣=111.0 | 尤诺:T0.5@0鸣=79.0 | 奥古斯塔:T0.5@0鸣=99.0 | 维里奈:T1@0鸣=40.0,
147,30191264,160,76,21,0.00,375.60,200.00,575.60,3.598,10,12,散华:T2@6鸣=33.6 | 维里奈:T1@1鸣=56.0 | 弗洛洛:T0.5@0鸣=99.0 | 赞妮:T1@0鸣=40.0 | 珂莱塔:T1@0鸣=55.0 | 相里要:T2@0鸣=16.0 | 折枝:T2@0鸣=19.0 | 长离:T1@0鸣=28.0 | 今汐:T2@0鸣=10.0 | 忌炎:T2@0鸣=19.0,幽冥的忘忧章:signature->弗洛洛@1鸣=50.0 | 死与舞:signature->珂莱塔@1鸣=30.0 | 赫奕流明:signature->长离@1鸣=30.0 | 血誓盟约:standard->常驻@1鸣=20.0 | 浩境粼光:standard->常驻@1鸣=20.0 | 千古洑流:signature->今汐@1鸣=10.0 | 停驻之烟:standard->常驻@1鸣=20.0 | 漪澜浮录:standard->常驻@1鸣=20.0
148,34222519,105,47,18,0.36,336.30,39.00,375.66,3.578,5,11,散华:T2@3鸣=27.3 | 千咲:T0.5@2鸣=153.0 | 爱弥斯:T0@0鸣=111.0 | 维里奈:T1@0鸣=40.0 | 卜灵:T2@0鸣=5.0,血誓盟约:standard->常驻@4鸣=39.0
149,34537280,150,73,22,0.00,330.00,200.00,530.00,3.533,9,2,维里奈:T1@1鸣=56.0 | 珂莱塔:T1@0鸣=55.0 | 椿:T1@0鸣=40.0 | 守岸人:T0@0鸣=108.0 | 相里要:T2@0鸣=16.0 | 折枝:T2@0鸣=19.0 | 今汐:T2@0鸣=10.0 | 吟霖:T2@0鸣=7.0 | 忌炎:T2@0鸣=19.0,裁春:signature->椿@1鸣=30.0 | 星序协响:signature->守岸人@1鸣=60.0 | 诸方玄枢:signature->相里要@1鸣=10.0 | 琼枝冰绡:signature->折枝@1鸣=10.0 | 时和岁稔:standard->常驻@1鸣=20.0 | 掣傀之手:signature->吟霖@1鸣=10.0 | 苍鳞千嶂:signature->忌炎@1鸣=10.0 | 千古洑流:signature->今汐@1鸣=10.0 | 停驻之烟:standard->常驻@1鸣=20.0 | 漪澜浮录:standard->常驻@1鸣=20.0
150,34312816,150,54,25,11.11,415.00,103.00,529.11,3.527,6,12,散华:T2@3鸣=27.3 | 绯雪:T0@2鸣=188.7 | 维里奈:T1@1鸣=56.0 | 卜灵:T2@1鸣=7.0 | 守岸人:T0@0鸣=108.0 | 长离:T1@0鸣=28.0,血誓盟约:standard->常驻@5鸣=43.0 | 灼霜:signature->绯雪@1鸣=60.0
151,34532132,120,80,24,0.00,273.20,150.00,423.20,3.527,6,2,相里要:T2@2鸣=27.2 | 菲比:T1@1鸣=56.0 | 维里奈:T1@1鸣=56.0 | 守岸人:T0@0鸣=108.0 | 吟霖:T2@0鸣=7.0 | 忌炎:T2@0鸣=19.0,和光回唱:signature->菲比@1鸣=30.0 | 星序协响:signature->守岸人@1鸣=60.0 | 诸方玄枢:signature->相里要@1鸣=10.0 | 掣傀之手:signature->吟霖@1鸣=10.0 | 苍鳞千嶂:signature->忌炎@1鸣=10.0 | 千古洑流:signature->今汐@1鸣=10.0 | 停驻之烟:standard->常驻@1鸣=20.0
152,35938765,150,63,13,17.71,327.00,180.00,524.71,3.498,3,11,散华:T2@3鸣=27.3 | 绯雪:T0@2鸣=188.7 | 爱弥斯:T0@0鸣=111.0,灼霜:signature->绯雪@1鸣=60.0 | 永远的启明星:signature->爱弥斯@1鸣=60.0 | 血誓盟约:standard->常驻@1鸣=20.0 | 千古洑流:signature->今汐@1鸣=10.0 | 千古洑流:signature->今汐@1鸣=10.0 | 停驻之烟:standard->常驻@1鸣=20.0
153,29268574,120,56,17,0.00,348.60,70.00,418.60,3.488,9,14,散华:T2@6鸣=33.6 | 维里奈:T1@1鸣=56.0 | 嘉贝莉娜:T0.5@0鸣=70.0 | 露帕:T0.5@0鸣=70.0 | 珂莱塔:T1@0鸣=55.0 | 长离:T1@0鸣=28.0 | 今汐:T2@0鸣=10.0 | 吟霖:T2@0鸣=7.0 | 忌炎:T2@0鸣=19.0,死与舞:signature->珂莱塔@1鸣=30.0 | 苍鳞千嶂:signature->忌炎@1鸣=10.0 | 千古洑流:signature->今汐@1鸣=10.0 | 擎渊怒涛:standard->常驻@1鸣=20.0
154,33879141,150,66,19,6.66,409.95,104.00,520.61,3.471,6,12,散华:T2@5鸣=32.2 | 卜灵:T2@3鸣=9.75 | 维里奈:T1@1鸣=56.0 | 爱弥斯:T0@0鸣=111.0 | 琳奈:T0@0鸣=111.0 | 千咲:T0.5@0鸣=90.0,血誓盟约:standard->常驻@3鸣=34.0 | 永远的启明星:signature->爱弥斯@1鸣=60.0 | 千古洑流:signature->今汐@1鸣=10.0
155,34535903,130,70,19,0.00,285.80,160.00,445.80,3.429,6,2,折枝:T2@1鸣=26.6 | 长离:T1@1鸣=39.2 | 维里奈:T1@1鸣=56.0 | 椿:T1@0鸣=40.0 | 守岸人:T0@0鸣=108.0 | 相里要:T2@0鸣=16.0,裁春:signature->椿@1鸣=30.0 | 星序协响:signature->守岸人@1鸣=60.0 | 诸方玄枢:signature->相里要@1鸣=10.0 | 琼枝冰绡:signature->折枝@1鸣=10.0 | 赫奕流明:signature->长离@1鸣=30.0 | 停驻之烟:standard->常驻@1鸣=20.0
156,35930811,126,62,18,0.01,331.00,100.00,431.01,3.421,7,4,千咲:T0.5@0鸣=90.0 | 卡提希娅:T0.5@0鸣=89.0 | 珂莱塔:T1@0鸣=55.0 | 长离:T1@0鸣=28.0 | 今汐:T2@0鸣=10.0 | 忌炎:T2@0鸣=19.0 | 维里奈:T1@0鸣=40.0,昙切:signature->千咲@1鸣=50.0 | 时和岁稔:standard->常驻@1鸣=20.0 | 血誓盟约:standard->常驻@1鸣=20.0 | 千古洑流:signature->今汐@1鸣=10.0
157,34536000,130,64,18,0.00,247.00,192.00,439.00,3.377,5,3,珂莱塔:T1@0鸣=55.0 | 守岸人:T0@0鸣=108.0 | 相里要:T2@0鸣=16.0 | 长离:T1@0鸣=28.0 | 维里奈:T1@0鸣=40.0,赫奕流明:signature->长离@2鸣=42.0 | 死与舞:signature->珂莱塔@1鸣=30.0 | 星序协响:signature->守岸人@1鸣=60.0 | 诸方玄枢:signature->相里要@1鸣=10.0 | 千古洑流:signature->今汐@1鸣=10.0 | 停驻之烟:standard->常驻@1鸣=20.0 | 漪澜浮录:standard->常驻@1鸣=20.0
158,35327470,150,51,10,1.11,375.80,120.00,496.91,3.313,6,10,散华:T2@2鸣=23.8 | 达妮娅:T0.5@0鸣=85.0 | 绯雪:T0@0鸣=111.0 | 琳奈:T0@0鸣=111.0 | 维里奈:T1@0鸣=40.0 | 卜灵:T2@0鸣=5.0,灼霜:signature->绯雪@1鸣=60.0 | 血誓盟约:standard->常驻@1鸣=20.0 | 千古洑流:signature->今汐@1鸣=10.0 | 千古洑流:signature->今汐@1鸣=10.0 | 停驻之烟:standard->常驻@1鸣=20.0
159,34532239,60,62,18,0.00,118.80,80.00,198.80,3.313,5,4,吟霖:T2@1鸣=9.8 | 菲比:T1@0鸣=40.0 | 今汐:T2@0鸣=10.0 | 忌炎:T2@0鸣=19.0 | 维里奈:T1@0鸣=40.0,和光回唱:signature->菲比@1鸣=30.0 | 时和岁稔:standard->常驻@1鸣=20.0 | 掣傀之手:signature->吟霖@1鸣=10.0 | 苍鳞千嶂:signature->忌炎@1鸣=10.0 | 千古洑流:signature->今汐@1鸣=10.0
160,35778573,110,47,14,0.02,282.00,80.00,362.02,3.291,4,11,千咲:T0.5@5鸣=207.0 | 维里奈:T1@1鸣=56.0 | 卜灵:T2@0鸣=5.0 | 散华:T2@0鸣=14.0,昙切:signature->千咲@1鸣=50.0 | 血誓盟约:standard->常驻@1鸣=20.0 | 千古洑流:signature->今汐@1鸣=10.0
161,34536809,140,76,20,0.00,253.00,200.00,453.00,3.236,5,2,赞妮:T1@1鸣=56.0 | 珂莱塔:T1@1鸣=77.0 | 夏空:T1@0鸣=55.0 | 坎特蕾拉:T1@0鸣=55.0 | 今汐:T2@0鸣=10.0,焰光裁定:signature->赞妮@1鸣=30.0 | 海的呢喃:signature->坎特蕾拉@1鸣=30.0 | 死与舞:signature->珂莱塔@1鸣=30.0 | 时和岁稔:standard->常驻@1鸣=20.0 | 血誓盟约:standard->常驻@1鸣=20.0 | 浩境粼光:standard->常驻@1鸣=20.0 | 千古洑流:signature->今汐@1鸣=10.0 | 停驻之烟:standard->常驻@1鸣=20.0 | 擎渊怒涛:standard->常驻@1鸣=20.0
162,31643313,80,43,7,0.23,217.50,40.00,257.73,3.222,3,11,爱弥斯:T0@2鸣=188.7 | 散华:T2@2鸣=23.8 | 卜灵:T2@0鸣=5.0,血誓盟约:standard->常驻@1鸣=20.0 | 漪澜浮录:standard->常驻@1鸣=20.0
163,35268418,130,49,12,21.21,292.65,100.00,413.86,3.184,3,12,绯雪:T0@4鸣=238.65 | 维里奈:T1@0鸣=40.0 | 散华:T2@0鸣=14.0,灼霜:signature->绯雪@1鸣=60.0 | 血誓盟约:standard->常驻@1鸣=20.0 | 千古洑流:signature->今汐@1鸣=10.0 | 千古洑流:signature->今汐@1鸣=10.0
164,35211574,98,45,8,0.01,230.40,80.00,310.41,3.167,4,11,绯雪:T0@1鸣=155.4 | 维里奈:T1@1鸣=56.0 | 卜灵:T2@0鸣=5.0 | 散华:T2@0鸣=14.0,灼霜:signature->绯雪@1鸣=60.0 | 血誓盟约:standard->常驻@1鸣=20.0
165,8107413,80,55,17,0.00,153.00,100.00,253.00,3.163,6,3,菲比:T1@0鸣=40.0 | 相里要:T2@0鸣=16.0 | 长离:T1@0鸣=28.0 | 今汐:T2@0鸣=10.0 | 忌炎:T2@0鸣=19.0 | 维里奈:T1@0鸣=40.0,诸方玄枢:signature->相里要@1鸣=10.0 | 赫奕流明:signature->长离@1鸣=30.0 | 时和岁稔:standard->常驻@1鸣=20.0 | 苍鳞千嶂:signature->忌炎@1鸣=10.0 | 千古洑流:signature->今汐@1鸣=10.0 | 擎渊怒涛:standard->常驻@1鸣=20.0
166,35475027,150,50,17,13.88,332.35,113.00,459.22,3.061,4,11,绯雪:T0@5鸣=255.3 | 卜灵:T2@3鸣=9.75 | 散华:T2@3鸣=27.3 | 维里奈:T1@0鸣=40.0,血誓盟约:standard->常驻@5鸣=43.0 | 灼霜:signature->绯雪@1鸣=60.0 | 千古洑流:signature->今汐@1鸣=10.0
167,32466872,55,44,7,5.61,131.80,30.00,167.41,3.044,4,13,散华:T2@2鸣=23.8 | 椿:T1@0鸣=40.0 | 长离:T1@0鸣=28.0 | 维里奈:T1@0鸣=40.0,赫奕流明:signature->长离@1鸣=30.0
168,31318912,130,53,19,0.31,304.70,83.00,388.01,2.985,4,12,奥古斯塔:T0.5@5鸣=227.7 | 维里奈:T1@1鸣=56.0 | 卜灵:T2@1鸣=7.0 | 散华:T2@0鸣=14.0,血誓盟约:standard->常驻@5鸣=43.0 | 源能机锋:standard->常驻@1鸣=20.0 | 浩境粼光:standard->常驻@1鸣=20.0
169,35845660,150,48,13,0.77,366.10,70.00,436.87,2.912,8,13,散华:T2@4鸣=30.1 | 绯雪:T0@0鸣=111.0 | 莫宁:T0.5@0鸣=75.0 | 尤诺:T0.5@0鸣=79.0 | 折枝:T2@0鸣=19.0 | 吟霖:T2@0鸣=7.0 | 维里奈:T1@0鸣=40.0 | 卜灵:T2@0鸣=5.0,万物持存的注释:signature->尤诺@1鸣=50.0 | 浩境粼光:standard->常驻@1鸣=20.0
170,35012818,160,55,14,6.02,308.65,150.00,464.67,2.904,3,10,爱弥斯:T0@4鸣=238.65 | 维里奈:T1@1鸣=56.0 | 散华:T2@0鸣=14.0,灼霜:signature->绯雪@1鸣=60.0 | 永远的启明星:signature->爱弥斯@1鸣=60.0 | 血誓盟约:standard->常驻@1鸣=20.0 | 千古洑流:signature->今汐@1鸣=10.0
171,29665271,100,63,14,0.00,204.10,80.00,284.10,2.841,4,12,散华:T2@4鸣=30.1 | 赞妮:T1@3鸣=78.0 | 维里奈:T1@1鸣=56.0 | 菲比:T1@0鸣=40.0,焰光裁定:signature->赞妮@1鸣=30.0 | 血誓盟约:standard->常驻@1鸣=20.0 | 千古洑流:signature->今汐@1鸣=10.0 | 漪澜浮录:standard->常驻@1鸣=20.0
172,34531864,120,71,20,0.00,195.00,140.00,335.00,2.792,8,2,维里奈:T1@1鸣=56.0 | 椿:T1@0鸣=40.0 | 相里要:T2@0鸣=16.0 | 折枝:T2@0鸣=19.0 | 长离:T1@0鸣=28.0 | 今汐:T2@0鸣=10.0 | 吟霖:T2@0鸣=7.0 | 忌炎:T2@0鸣=19.0,裁春:signature->椿@1鸣=30.0 | 诸方玄枢:signature->相里要@1鸣=10.0 | 赫奕流明:signature->长离@1鸣=30.0 | 时和岁稔:standard->常驻@1鸣=20.0 | 掣傀之手:signature->吟霖@1鸣=10.0 | 苍鳞千嶂:signature->忌炎@1鸣=10.0 | 千古洑流:signature->今汐@1鸣=10.0 | 漪澜浮录:standard->常驻@1鸣=20.0
173,8107436,120,71,20,0.00,195.00,140.00,335.00,2.792,8,2,维里奈:T1@1鸣=56.0 | 椿:T1@0鸣=40.0 | 相里要:T2@0鸣=16.0 | 折枝:T2@0鸣=19.0 | 长离:T1@0鸣=28.0 | 今汐:T2@0鸣=10.0 | 吟霖:T2@0鸣=7.0 | 忌炎:T2@0鸣=19.0,裁春:signature->椿@1鸣=30.0 | 诸方玄枢:signature->相里要@1鸣=10.0 | 赫奕流明:signature->长离@1鸣=30.0 | 时和岁稔:standard->常驻@1鸣=20.0 | 掣傀之手:signature->吟霖@1鸣=10.0 | 苍鳞千嶂:signature->忌炎@1鸣=10.0 | 千古洑流:signature->今汐@1鸣=10.0 | 漪澜浮录:standard->常驻@1鸣=20.0
174,34531850,100,72,20,0.00,179.00,100.00,279.00,2.790,7,3,维里奈:T1@2鸣=68.0 | 椿:T1@0鸣=40.0 | 相里要:T2@0鸣=16.0 | 折枝:T2@0鸣=19.0 | 今汐:T2@0鸣=10.0 | 吟霖:T2@0鸣=7.0 | 忌炎:T2@0鸣=19.0,裁春:signature->椿@1鸣=30.0 | 诸方玄枢:signature->相里要@1鸣=10.0 | 琼枝冰绡:signature->折枝@1鸣=10.0 | 掣傀之手:signature->吟霖@1鸣=10.0 | 苍鳞千嶂:signature->忌炎@1鸣=10.0 | 浩境粼光:standard->常驻@1鸣=20.0 | 千古洑流:signature->今汐@1鸣=10.0
175,35015598,130,54,14,0.14,330.45,30.00,360.59,2.774,3,11,绯雪:T0@4鸣=238.65 | 维里奈:T1@2鸣=68.0 | 散华:T2@2鸣=23.8,血誓盟约:standard->常驻@1鸣=20.0 | 千古洑流:signature->今汐@1鸣=10.0
176,35165795,135,47,13,0.39,327.60,40.00,367.99,2.726,4,14,绯雪:T0@5鸣=255.3 | 散华:T2@3鸣=27.3 | 维里奈:T1@0鸣=40.0 | 卜灵:T2@0鸣=5.0,镭射切变:standard->常驻@1鸣=20.0 | 血誓盟约:standard->常驻@1鸣=20.0
177,35484615,80,55,9,5.31,138.80,70.00,214.11,2.676,4,8,散华:T2@2鸣=23.8 | 维里奈:T1@1鸣=56.0 | 椿:T1@0鸣=40.0 | 忌炎:T2@0鸣=19.0,裁春:signature->椿@1鸣=30.0 | 时和岁稔:standard->常驻@1鸣=20.0 | 漪澜浮录:standard->常驻@1鸣=20.0
178,34536735,130,68,18,0.00,186.00,160.00,346.00,2.662,5,3,维里奈:T1@2鸣=68.0 | 赞妮:T1@0鸣=40.0 | 椿:T1@0鸣=40.0 | 长离:T1@0鸣=28.0 | 今汐:T2@0鸣=10.0,焰光裁定:signature->赞妮@1鸣=30.0 | 裁春:signature->椿@1鸣=30.0 | 赫奕流明:signature->长离@1鸣=30.0 | 时和岁稔:standard->常驻@1鸣=20.0 | 血誓盟约:standard->常驻@1鸣=20.0 | 千古洑流:signature->今汐@1鸣=10.0 | 漪澜浮录:standard->常驻@1鸣=20.0
179,32515163,80,41,12,0.05,188.20,20.00,208.25,2.603,5,14,散华:T2@5鸣=32.2 | 琳奈:T0@0鸣=111.0 | 相里要:T2@0鸣=16.0 | 今汐:T2@0鸣=10.0 | 忌炎:T2@0鸣=19.0,血誓盟约:standard->常驻@1鸣=20.0
180,34008133,150,45,18,6.56,271.60,104.00,382.16,2.548,8,12,散华:T2@6鸣=33.6 | 爱弥斯:T0@0鸣=111.0 | 赞妮:T1@0鸣=40.0 | 相里要:T2@0鸣=16.0 | 折枝:T2@0鸣=19.0 | 吟霖:T2@0鸣=7.0 | 维里奈:T1@0鸣=40.0 | 卜灵:T2@0鸣=5.0,千古洑流:signature->今汐@2鸣=14.0 | 万物持存的注释:signature->尤诺@1鸣=50.0 | 血誓盟约:standard->常驻@1鸣=20.0 | 浩境粼光:standard->常驻@1鸣=20.0
181,34129569,150,58,25,0.41,258.30,123.00,381.71,2.545,5,12,散华:T2@3鸣=27.3 | 莫宁:T0.5@0鸣=75.0 | 琳奈:T0@0鸣=111.0 | 维里奈:T1@0鸣=40.0 | 卜灵:T2@0鸣=5.0,血誓盟约:standard->常驻@5鸣=43.0 | 宙算仪轨:signature->莫宁@1鸣=50.0 | 相位涟漪:standard->常驻@1鸣=20.0 | 千古洑流:signature->今汐@1鸣=10.0
182,34700534,90,38,5,7.33,138.30,80.00,225.62,2.507,2,9,散华:T2@3鸣=27.3 | 爱弥斯:T0@0鸣=111.0,永远的启明星:signature->爱弥斯@1鸣=60.0 | 血誓盟约:standard->常驻@1鸣=20.0
183,34537260,135,67,19,0.00,226.00,110.00,336.00,2.489,8,2,今汐:T2@1鸣=14.0 | 维里奈:T1@1鸣=56.0 | 珂莱塔:T1@0鸣=55.0 | 椿:T1@0鸣=40.0 | 相里要:T2@0鸣=16.0 | 折枝:T2@0鸣=19.0 | 吟霖:T2@0鸣=7.0 | 忌炎:T2@0鸣=19.0,裁春:signature->椿@1鸣=30.0 | 时和岁稔:standard->常驻@1鸣=20.0 | 掣傀之手:signature->吟霖@1鸣=10.0 | 苍鳞千嶂:signature->忌炎@1鸣=10.0 | 浩境粼光:standard->常驻@1鸣=20.0 | 漪澜浮录:standard->常驻@1鸣=20.0
184,7251602,60,54,10,0.00,119.10,30.00,149.10,2.485,4,12,散华:T2@4鸣=30.1 | 今汐:T2@1鸣=14.0 | 维里奈:T1@1鸣=56.0 | 折枝:T2@0鸣=19.0,时和岁稔:standard->常驻@1鸣=20.0 | 千古洑流:signature->今汐@1鸣=10.0
185,33360240,60,46,10,0.68,136.20,10.00,146.88,2.448,6,11,散华:T2@5鸣=32.2 | 长离:T1@0鸣=28.0 | 今汐:T2@0鸣=10.0 | 吟霖:T2@0鸣=7.0 | 忌炎:T2@0鸣=19.0 | 维里奈:T1@0鸣=40.0,千古洑流:signature->今汐@1鸣=10.0
186,34057745,100,48,12,0.11,206.30,20.00,226.41,2.264,5,13,散华:T2@3鸣=27.3 | 卡提希娅:T0.5@0鸣=89.0 | 椿:T1@0鸣=40.0 | 今汐:T2@0鸣=10.0 | 维里奈:T1@0鸣=40.0,血誓盟约:standard->常驻@1鸣=20.0
187,34592262,150,66,17,4.82,244.10,70.00,318.92,2.126,8,13,散华:T2@4鸣=30.1 | 嘉贝莉娜:T0.5@0鸣=70.0 | 椿:T1@0鸣=40.0 | 长离:T1@0鸣=28.0 | 今汐:T2@0鸣=10.0 | 吟霖:T2@0鸣=7.0 | 忌炎:T2@0鸣=19.0 | 维里奈:T1@0鸣=40.0,掣傀之手:signature->吟霖@1鸣=10.0 | 苍鳞千嶂:signature->忌炎@1鸣=10.0 | 千古洑流:signature->今汐@1鸣=10.0 | 停驻之烟:standard->常驻@1鸣=20.0 | 擎渊怒涛:standard->常驻@1鸣=20.0
188,31454193,150,57,14,0.20,279.60,20.00,299.80,1.999,7,13,散华:T2@6鸣=33.6 | 维里奈:T1@2鸣=68.0 | 守岸人:T0@0鸣=108.0 | 相里要:T2@0鸣=16.0 | 长离:T1@0鸣=28.0 | 吟霖:T2@0鸣=7.0 | 忌炎:T2@0鸣=19.0,诸方玄枢:signature->相里要@1鸣=10.0 | 千古洑流:signature->今汐@1鸣=10.0
189,8107380,100,62,18,0.00,118.80,80.00,198.80,1.988,5,4,吟霖:T2@1鸣=9.8 | 菲比:T1@0鸣=40.0 | 今汐:T2@0鸣=10.0 | 忌炎:T2@0鸣=19.0 | 维里奈:T1@0鸣=40.0,和光回唱:signature->菲比@1鸣=30.0 | 时和岁稔:standard->常驻@1鸣=20.0 | 掣傀之手:signature->吟霖@1鸣=10.0 | 苍鳞千嶂:signature->忌炎@1鸣=10.0 | 千古洑流:signature->今汐@1鸣=10.0
190,8107387,150,72,20,0.00,179.00,100.00,279.00,1.860,7,3,维里奈:T1@2鸣=68.0 | 椿:T1@0鸣=40.0 | 相里要:T2@0鸣=16.0 | 折枝:T2@0鸣=19.0 | 今汐:T2@0鸣=10.0 | 吟霖:T2@0鸣=7.0 | 忌炎:T2@0鸣=19.0,裁春:signature->椿@1鸣=30.0 | 诸方玄枢:signature->相里要@1鸣=10.0 | 琼枝冰绡:signature->折枝@1鸣=10.0 | 掣傀之手:signature->吟霖@1鸣=10.0 | 苍鳞千嶂:signature->忌炎@1鸣=10.0 | 浩境粼光:standard->常驻@1鸣=20.0 | 千古洑流:signature->今汐@1鸣=10.0
191,34738585,129,0,18,0.00,169.80,60.00,229.80,1.781,7,3,维里奈:T1@2鸣=68.0 | 吟霖:T2@1鸣=9.8 | 相里要:T2@0鸣=16.0 | 折枝:T2@0鸣=19.0 | 长离:T1@0鸣=28.0 | 今汐:T2@0鸣=10.0 | 忌炎:T2@0鸣=19.0,时和岁稔:standard->常驻@1鸣=20.0 | 掣傀之手:signature->吟霖@1鸣=10.0 | 苍鳞千嶂:signature->忌炎@1鸣=10.0 | 擎渊怒涛:standard->常驻@1鸣=20.0
192,35867734,49,41,6,0.46,60.30,20.00,80.76,1.648,3,10,散华:T2@3鸣=27.3 | 长离:T1@0鸣=28.0 | 卜灵:T2@0鸣=5.0,千古洑流:signature->今汐@1鸣=10.0 | 千古洑流:signature->今汐@1鸣=10.0
193,33315356,50,35,6,1.76,73.60,0.00,75.36,1.507,3,12,今汐:T2@1鸣=14.0 | 散华:T2@1鸣=19.6 | 维里奈:T1@0鸣=40.0,
194,35621007,159,0,22,0.00,105.00,130.00,235.00,1.478,3,3,赞妮:T1@0鸣=40.0 | 布兰特:T1@0鸣=46.0 | 忌炎:T2@0鸣=19.0,死与舞:signature->珂莱塔@1鸣=30.0 | 裁春:signature->椿@1鸣=30.0 | 血誓盟约:standard->常驻@1鸣=20.0 | 浩境粼光:standard->常驻@1鸣=20.0 | 千古洑流:signature->今汐@1鸣=10.0 | 漪澜浮录:standard->常驻@1鸣=20.0
195,5705689,100,49,10,0.00,100.30,20.00,120.30,1.203,4,11,散华:T2@3鸣=27.3 | 维里奈:T1@1鸣=56.0 | 今汐:T2@0鸣=10.0 | 吟霖:T2@0鸣=7.0,时和岁稔:standard->常驻@1鸣=20.0
196,5781254,150,53,13,0.00,111.00,50.00,161.00,1.073,5,10,散华:T2@5鸣=32.2 | 吟霖:T2@1鸣=9.8 | 折枝:T2@0鸣=19.0 | 今汐:T2@0鸣=10.0 | 维里奈:T1@0鸣=40.0,时和岁稔:standard->常驻@1鸣=20.0 | 千古洑流:signature->今汐@1鸣=10.0 | 漪澜浮录:standard->常驻@1鸣=20.0
197,35402088,110,34,5,15.18,73.00,20.00,108.18,0.983,3,10,忌炎:T2@0鸣=19.0 | 维里奈:T1@0鸣=40.0 | 散华:T2@0鸣=14.0,浩境粼光:standard->常驻@1鸣=20.0
198,34661982,150,50,8,17.00,96.30,20.00,133.30,0.889,4,11,散华:T2@3鸣=27.3 | 今汐:T2@0鸣=10.0 | 忌炎:T2@0鸣=19.0 | 维里奈:T1@0鸣=40.0,浩境粼光:standard->常驻@1鸣=20.0
199,4491438,100,30,5,0.00,80.60,0.00,80.60,0.806,3,8,忌炎:T2@1鸣=26.6 | 维里奈:T1@0鸣=40.0 | 散华:T2@0鸣=14.0,
200,33940315,150,35,13,1.68,77.30,10.00,88.97,0.593,3,13,散华:T2@3鸣=27.3 | 今汐:T2@0鸣=10.0 | 维里奈:T1@0鸣=40.0,千古洑流:signature->今汐@1鸣=10.0
