rank,product_id,price,area_name,level,total_yellow,char5,weapon5,star_voice,fj_waves,zc_waves,hs_waves,wave_pulls,pulls_total,equiv_pulls_total,equiv_pulls_per_rmb,role_resonance,weapon_resonance,sub_title
1,35029382,60,官服,53,22,7,9,77,0,0,0,0,0.48,1145.48,19.091,6鸣x2 4鸣x3 3鸣x3 2鸣x1 1鸣x3 0鸣x6,4鸣x1 1鸣x8,联觉等级:53 总黄数:22 五星角色数:7 五星武器数:9 1鸣赞妮，1鸣鉴心，1鸣卡卡罗，0鸣陆·赫斯，0鸣仇远，0鸣椿，0鸣维里奈 6鸣白芷，6鸣秧秧，4鸣渊武，4鸣莫特斐，4鸣丹瑾，3鸣桃祈，3鸣秋水，3鸣散华，2鸣釉瑚，0鸣灯灯，0鸣炽霞 4鸣血誓盟约，1鸣白昼之脊，1鸣裁竹，1鸣焰光裁定，1鸣裁春，1鸣浩境粼光，1鸣千古洑流，1鸣漪澜浮录
2,35473797,50,官服,50,12,8,4,602,4,6,2,12,15.76,915.76,18.315,6鸣x2 4鸣x2 3鸣x1 2鸣x3 0鸣x12,1鸣x4,联觉等级:50 总黄数:12 五星角色数:8 五星武器数:4 0鸣达妮娅，0鸣奥古斯塔，0鸣露帕，0鸣守岸人，0鸣鉴心，0鸣卡卡罗，0鸣维里奈，0鸣凌阳 6鸣散华，6鸣炽霞，4鸣桃祈，4鸣渊武，3鸣白芷，2鸣灯灯，2鸣莫特斐，2鸣秧秧，0鸣卜灵，0鸣釉瑚，0鸣丹瑾，0鸣秋水 1鸣驭冕铸雷之权，1鸣血誓盟约，1鸣千古洑流
3,33962162,80,官服,46,24,10,10,125,0,0,0,0,0.78,1450.78,18.135,6鸣x2 5鸣x4 4鸣x3 1鸣x1 0鸣x12,1鸣x10,联觉等级:46 总黄数:24 0鸣仇远，0鸣守岸人，0鸣相里要，0鸣折枝，0鸣今汐，0鸣吟霖，0鸣卡卡罗，0鸣安可，0鸣维里奈，0鸣凌阳 6鸣散华，6鸣白芷，5鸣灯灯，5鸣渊武，5鸣莫特斐，5鸣丹瑾，4鸣桃祈，4鸣秋水，4鸣秧秧，1鸣炽霞，0鸣卜灵，0鸣釉瑚 1鸣镭射切变，1鸣裁竹，1鸣星序协响，1鸣时和岁稔，1鸣掣傀之手，1鸣血誓盟约，1鸣浩境粼光，1鸣千古洑流，1鸣停驻之烟，1鸣漪澜浮录 卖家说:出金概率高
4,34783782,60,官服,62,17,10,4,71,0,0,0,0,0.44,1060.44,17.674,6鸣x4 5鸣x4 2鸣x2 1鸣x1 0鸣x10,2鸣x1 1鸣x3,联觉等级:62 总黄数:17 五星角色数:10 五星武器数:4 2鸣凌阳，0鸣尤诺，0鸣露帕，0鸣赞妮，0鸣相里要，0鸣忌炎，0鸣鉴心，0鸣卡卡罗，0鸣安可，0鸣维里奈 6鸣丹瑾，6鸣秋水，6鸣炽霞，6鸣白芷，5鸣桃祈，5鸣渊武，5鸣散华，5鸣秧秧，2鸣灯灯，1鸣莫特斐，0鸣釉瑚 2鸣浩境粼光，1鸣万物持存的注释，1鸣诸方玄枢，1鸣血誓盟约 卖家说:低价出售，有需要的朋友直接秒吧，
5,34532239,60,官服,62,18,9,5,0,0,0,0,0,0.00,1045.00,17.417,1鸣x3 0鸣x6,1鸣x5,62级/18黄/女主/9个五星角色/6个五星武器/未绑定/吟霖/安可/卡卡罗/今汐/维里奈/菲比/忌炎/鉴心/凌阳/时和岁稔/苍鳞千嶂/和光回唱/掣傀之手/千古洑流/1鸣吟霖/1鸣安可/1鸣卡卡罗/0鸣今汐/0鸣维里奈/0鸣菲比/0鸣忌炎/0鸣鉴心/0鸣凌阳/1鸣时和岁稔/1鸣苍鳞千嶂/1鸣和光回唱/1鸣掣傀之手/1鸣千古洑流
6,35939793,126,官服,73,38,16,12,518,0,0,0,0,3.24,2063.24,16.375,2鸣x1 1鸣x3 0鸣x12,5鸣x1 1鸣x11,"73级/38黄/男主/16个五星角色/13个五星武器
未绑定,尤诺,嘉贝莉娜,仇远,琳奈,椿,今汐,珂莱塔,长离,守岸人,相里要,折枝,维里奈,卡卡罗,鉴心,安可,凌阳,溢彩荧辉,源能机锋,光影双生,血誓盟约,琼枝冰绡,诸方玄枢,时和岁稔,掣傀之手,浩境粼光,千古洑流,停驻之烟,漪澜浮录,2命卡卡罗,1命相里要,1命维里奈,1命安可,0命尤诺,0命嘉贝莉娜,0命仇远,0命琳奈,0命椿,0命今汐,0命珂莱塔,0命长离,0命守岸人,0命折枝,0命鉴心,0命凌阳,精5血誓盟约,精1溢彩荧辉,精1源能机锋,精1光影双生,精1琼枝冰绡,精1诸方玄枢,精1时和岁稔,精1掣傀之手,精1浩境粼光,精1千古洑流,精1停驻之烟,精1漪澜浮录"
7,30273015,110,官服,80,35,13,11,0,0,0,0,0,0.00,1755.00,15.955,6鸣x8 5鸣x1 3鸣x2 2鸣x1 1鸣x4 0鸣x8,3鸣x1 2鸣x1 1鸣x9,联觉等级:80 总黄数:35 星声数量:1179 浮金波纹数量:10 铸潮波纹数量:0 唤声涡纹数量:11 五星角色数:13 3鸣安可，2鸣椿，1鸣今汐，1鸣鉴心，1鸣维里奈，0鸣千咲，0鸣奥古斯塔，0鸣洛可可，0鸣守岸人，0鸣折枝，0鸣长离，0鸣卡卡罗，0鸣凌阳 6鸣釉瑚，6鸣桃祈，6鸣渊武，6鸣莫特斐，6鸣丹瑾，6鸣散华，6鸣炽霞，6鸣秧秧，5鸣秋水，3鸣白芷，1鸣灯灯 五星武器数:11 3鸣漪澜浮录，2鸣时和岁稔，1鸣驭冕铸雷之权，1鸣裁春，1鸣星序协响，1鸣琼枝冰绡，1鸣血誓盟约，1鸣浩境粼光，1鸣千古洑流，1鸣停驻之烟，1鸣擎渊怒涛 叱妖诰
8,28539238,110,官服,80,29,13,11,0,0,0,0,0,0.00,1755.00,15.955,6鸣x8 4鸣x1 2鸣x1 1鸣x4 0鸣x10,2鸣x1 1鸣x10,男/女主:男 总黄数:29 2鸣安可，1鸣鉴心，1鸣凌阳，0鸣奥古斯塔，0鸣坎特蕾拉，0鸣珂莱塔，0鸣椿，0鸣守岸人，0鸣相里要，0鸣长离，0鸣今汐，0鸣吟霖，0鸣卡卡罗 2鸣千古洑流，1鸣和光回唱，1鸣死与舞，1鸣星序协响，1鸣琼枝冰绡，1鸣掣傀之手，1鸣血誓盟约，1鸣浩境粼光，1鸣擎渊怒涛 叱妖诰 卖家说:有奥古斯塔无专武
9,34531879,70,官服,55,17,9,6,0,0,0,0,0,0.00,1110.00,15.857,2鸣x1 0鸣x8,1鸣x6,55级/17黄/男主/9个五星角色/6个五星武器/未绑定/卡卡罗/今汐/维里奈/相里要/长离/忌炎/凌阳/菲比/安可/诸方玄枢/赫奕流明/时和岁稔/擎渊怒涛/千古洑流/苍鳞千嶂/2鸣卡卡罗/0鸣今汐/0鸣维里奈/0鸣相里要/0鸣长离/0鸣忌炎/0鸣凌阳/0鸣菲比/0鸣安可/1鸣诸方玄枢/1鸣赫奕流明/1鸣时和岁稔/1鸣擎渊怒涛/1鸣千古洑流/1鸣苍鳞千嶂
10,35535674,115,官服,80,32,14,10,154,32,0,5,37,37.96,1807.96,15.721,6鸣x10 3鸣x2 2鸣x1 1鸣x3 0鸣x9,1鸣x10,联觉等级:80 总黄数:32 五星角色数:14 五星武器数:10 3鸣安可，2鸣卡卡罗，1鸣守岸人，1鸣今汐，1鸣维里奈，0鸣尤诺，0鸣卡提希娅，0鸣坎特蕾拉，0鸣菲比，0鸣珂莱塔，0鸣椿，0鸣相里要，0鸣折枝，0鸣凌阳 6鸣灯灯，6鸣桃祈，6鸣渊武，6鸣莫特斐，6鸣丹瑾，6鸣秋水，6鸣散华，6鸣炽霞，6鸣白芷，6鸣秧秧，3鸣釉瑚 1鸣万物持存的注释，1鸣海的呢喃，1鸣和光回唱，1鸣死与舞，1鸣诸方玄枢，1鸣时和岁稔，1鸣血誓盟约，1鸣浩境粼光，1鸣千古洑流，1鸣漪澜浮录 卖家说:80级总黄数: 33星声数量: 114浮金波纹数量: 28亮点: 今汐毕业1+1，珂莱塔小毕业0+1，相里要0+1小毕业，守岸人1+0，坎特蕾拉0+1，菲比0+1，卡卡罗2+1，卡提希娅0+1，尤诺0+1，可换绑
11,31084142,80,官服,53,18,8,9,26,0,4,3,7,7.16,1232.16,15.402,6鸣x4 5鸣x3 4鸣x1 3鸣x1 2鸣x1 1鸣x2 0鸣x7,1鸣x9,联觉等级:53 总黄数:18 星声数量:26 浮金波纹数量:0 铸潮波纹数量:4 唤声涡纹数量:3 五星角色数:8 1鸣维里奈，0鸣嘉贝莉娜，0鸣尤诺，0鸣奥古斯塔，0鸣忌炎，0鸣鉴心，0鸣卡卡罗，0鸣安可 6鸣釉瑚，6鸣莫特斐，6鸣秋水，6鸣炽霞，5鸣桃祈，5鸣渊武，5鸣秧秧，4鸣白芷，3鸣散华，2鸣丹瑾，1鸣灯灯 五星武器数:9 1鸣万物持存的注释，1鸣驭冕铸雷之权，1鸣苍鳞千嶂，1鸣血誓盟约，1鸣千古洑流，1鸣停驻之烟，1鸣擎渊怒涛，1鸣漪澜浮录 卖家说:日月双c
12,35706803,130,官服,75,35,15,11,10,0,0,0,0,0.06,1915.06,14.731,6鸣x7 5鸣x1 4鸣x2 3鸣x3 1鸣x1 0鸣x13,5鸣x1 2鸣x1 1鸣x9,联觉等级:75 总黄数:35 五星角色数:15 五星武器数:11 3鸣安可，1鸣鉴心，0鸣绯雪，0鸣千咲，0鸣弗洛洛，0鸣卡提希娅，0鸣赞妮，0鸣守岸人，0鸣相里要，0鸣折枝，0鸣长离，0鸣今汐，0鸣吟霖，0鸣维里奈，0鸣凌阳 6鸣桃祈，6鸣渊武，6鸣丹瑾，6鸣秋水，6鸣炽霞，6鸣白芷，6鸣秧秧，5鸣卜灵，4鸣莫特斐，4鸣散华，3鸣灯灯，3鸣釉瑚 5鸣血誓盟约，2鸣千古洑流，1鸣灼霜，1鸣相位涟漪，1鸣昙切，1鸣不屈命定之冠，1鸣焰光裁定，1鸣星序协响，1鸣琼枝冰绡，1鸣赫奕流明，1鸣时和岁稔 卖家说:自玩号，月卡还有两天
13,35892961,105,官服,65,26,12,9,86,0,0,0,0,0.54,1545.54,14.719,3鸣x1 0鸣x11,2鸣x2 1鸣x7,"65级/26黄/男主/12个五星角色/9个五星武器
未绑定,夏空,卡提希娅,琳奈,今汐,珂莱塔,长离,守岸人,相里要,折枝,维里奈,鉴心,凌阳,溢彩荧辉,血誓盟约,死与舞,赫奕流明,时和岁稔,浩境粼光,千古洑流,擎渊怒涛,漪澜浮录,3命鉴心,0命夏空,0命卡提希娅,0命琳奈,0命今汐,0命珂莱塔,0命长离,0命守岸人,0命相里要,0命折枝,0命维里奈,0命凌阳,精2血誓盟约,精2死与舞,精1溢彩荧辉,精1赫奕流明,精1时和岁稔,精1浩境粼光,精1千古洑流,精1擎渊怒涛,精1漪澜浮录"
14,8107396,80,官服,70,18,9,7,0,0,0,0,0,0.00,1175.00,14.688,1鸣x2 0鸣x7,1鸣x7,"70级/18黄/女主/9个五星角色/7个五星武器
未绑定,今汐,忌炎,维里奈,卡卡罗,鉴心,凌阳,相里要,椿,珂莱塔,时和岁稔,苍鳞千嶂,千古洑流,漪澜浮录,裁春,诸方玄枢,死与舞,1命维里奈,1命凌阳,0命今汐,0命忌炎,0命卡卡罗,0命鉴心,0命相里要,0命椿,0命珂莱塔,精1时和岁稔,精1苍鳞千嶂,精1千古洑流,精1漪澜浮录,精1裁春,精1诸方玄枢,精1死与舞"
15,34531972,80,官服,70,18,9,7,0,0,0,0,0,0.00,1175.00,14.688,1鸣x2 0鸣x7,1鸣x7,70级/18黄/女主/9个五星角色/7个五星武器/未绑定/维里奈/凌阳/珂莱塔/椿/相里要/忌炎/今汐/卡卡罗/鉴心/诸方玄枢/死与舞/裁春/苍鳞千嶂/漪澜浮录/时和岁稔/千古洑流/1鸣维里奈/1鸣凌阳/0鸣珂莱塔/0鸣椿/0鸣相里要/0鸣忌炎/0鸣今汐/0鸣卡卡罗/0鸣鉴心/1鸣诸方玄枢/1鸣死与舞/1鸣裁春/1鸣苍鳞千嶂/1鸣漪澜浮录/1鸣时和岁稔/1鸣千古洑流
16,8107413,80,官服,55,17,9,6,0,0,0,0,0,0.00,1110.00,13.875,2鸣x1 0鸣x8,1鸣x6,"55级/17黄/男主/9个五星角色/6个五星武器
未绑定,长离,今汐,忌炎,维里奈,卡卡罗,安可,凌阳,相里要,菲比,赫奕流明,时和岁稔,苍鳞千嶂,千古洑流,擎渊怒涛,诸方玄枢,2命卡卡罗,0命长离,0命今汐,0命忌炎,0命维里奈,0命安可,0命凌阳,0命相里要,0命菲比,精1赫奕流明,精1时和岁稔,精1苍鳞千嶂,精1千古洑流,精1擎渊怒涛,精1诸方玄枢"
17,29859407,50,官服,45,13,7,2,0,0,0,0,0,0.00,690.00,13.800,6鸣x3 5鸣x1 4鸣x2 3鸣x1 2鸣x3 1鸣x4 0鸣x4,1鸣x2,联觉等级:45 总黄数:13 星声数量:109 浮金波纹数量:0 铸潮波纹数量:0 唤声涡纹数量:0 五星角色数:7 1鸣忌炎，1鸣卡卡罗，1鸣安可，1鸣维里奈，0鸣露帕，0鸣相里要，0鸣鉴心 6鸣渊武，6鸣炽霞，6鸣秧秧，5鸣白芷，4鸣莫特斐，4鸣丹瑾，3鸣秋水，2鸣灯灯，2鸣桃祈，2鸣散华，0鸣釉瑚 五星武器数:2 1鸣焰痕，1鸣血誓盟约
18,35417411,130,官服,73,31,15,9,248,0,0,0,0,1.55,1786.55,13.743,6鸣x8 5鸣x1 4鸣x1 2鸣x2 1鸣x5 0鸣x9,1鸣x9,联觉等级:73 总黄数:31 五星角色数:15 五星武器数:9 2鸣凌阳，1鸣珂莱塔，1鸣忌炎，1鸣鉴心，1鸣卡卡罗，1鸣维里奈，0鸣爱弥斯，0鸣嘉贝莉娜，0鸣坎特蕾拉，0鸣椿，0鸣守岸人，0鸣相里要，0鸣折枝，0鸣吟霖，0鸣安可 6鸣釉瑚，6鸣桃祈，6鸣渊武，6鸣秋水，6鸣散华，6鸣炽霞，6鸣白芷，6鸣秧秧，5鸣莫特斐，4鸣丹瑾，2鸣灯灯 1鸣永远的启明星，1鸣相位涟漪，1鸣裁春，1鸣星序协响，1鸣苍鳞千嶂，1鸣血誓盟约，1鸣千古洑流，1鸣停驻之烟，1鸣漪澜浮录
19,34849376,65,官服,58,16,7,3,5158,22,28,49,99,131.24,886.24,13.634,6鸣x2 5鸣x1 2鸣x2 1鸣x4 0鸣x9,5鸣x1 1鸣x2,联觉等级:58 总黄数:16 五星角色数:7 五星武器数:3 2鸣维里奈，0鸣西格莉卡，0鸣千咲，0鸣菲比，0鸣卡卡罗，0鸣安可，0鸣凌阳 6鸣桃祈，6鸣渊武，5鸣散华，2鸣秋水，1鸣莫特斐，1鸣炽霞，1鸣白芷，1鸣秧秧，0鸣灯灯，0鸣釉瑚，0鸣丹瑾 5鸣血誓盟约，1鸣昙切，1鸣和光回唱 卖家说:0+1千咲 0+1菲比 西格莉卡
20,34557961,135,官服,78,33,13,12,264,0,7,0,7,8.65,1828.65,13.546,6鸣x10 4鸣x1 2鸣x4 1鸣x1 0鸣x9,2鸣x1 1鸣x11,联觉等级:78 总黄数:33 五星角色数:13 五星武器数:12 2鸣鉴心，2鸣卡卡罗，2鸣凌阳，1鸣弗洛洛，0鸣陆·赫斯，0鸣仇远，0鸣夏空，0鸣布兰特，0鸣守岸人，0鸣相里要，0鸣忌炎，0鸣安可，0鸣维里奈 6鸣灯灯，6鸣釉瑚，6鸣桃祈，6鸣渊武，6鸣莫特斐，6鸣丹瑾，6鸣秋水，6鸣散华，6鸣炽霞，6鸣秧秧，4鸣白芷，2鸣卜灵 2鸣血誓盟约，1鸣相位涟漪，1鸣裁竹，1鸣幽冥的忘忧章，1鸣不灭航路，1鸣星序协响，1鸣诸方玄枢，1鸣苍鳞千嶂，1鸣千古洑流，1鸣停驻之烟，1鸣漪澜浮录 卖家说:鸣潮78级账号
21,34537161,120,官服,77,24,13,9,0,0,0,0,0,0.00,1625.00,13.542,1鸣x2 0鸣x11,1鸣x9,77级/24黄/女主/13个五星角色/9个五星武器/WeGame已绑定/维里奈/卡卡罗/菲比/守岸人/相里要/折枝/长离/今汐/吟霖/忌炎/安可/凌阳/鉴心/和光回唱/星序协响/琼枝冰绡/掣傀之手/漪澜浮录/诸方玄枢/赫奕流明/苍鳞千嶂/千古洑流/1鸣维里奈/1鸣卡卡罗/0鸣菲比/0鸣守岸人/0鸣相里要/0鸣折枝/0鸣长离/0鸣今汐/0鸣吟霖/0鸣忌炎/0鸣安可/0鸣凌阳/0鸣鉴心/1鸣和光回唱/1鸣星序协响/1鸣琼枝冰绡/1鸣掣傀之手/1鸣漪澜浮录/1鸣诸方玄枢/1鸣赫奕流明/1鸣苍鳞千嶂/1鸣千古洑流
22,35852652,50,官服,52,11,6,3,159,0,0,1,1,1.99,676.99,13.540,6鸣x1 4鸣x3 3鸣x1 2鸣x1 1鸣x4 0鸣x6,1鸣x3,联觉等级:52 总黄数:11 五星角色数:6 五星武器数:3 1鸣鉴心，1鸣卡卡罗，0鸣坎特蕾拉，0鸣椿，0鸣安可，0鸣维里奈 6鸣渊武，4鸣丹瑾，4鸣炽霞，4鸣白芷，3鸣散华，2鸣桃祈，1鸣灯灯，1鸣秧秧，0鸣莫特斐，0鸣秋水 1鸣裁春，1鸣血誓盟约，1鸣漪澜浮录
23,33672237,130,官服,80,33,15,8,106,0,0,14,14,14.66,1734.66,13.344,6鸣x11 2鸣x1 1鸣x6 0鸣x9,2鸣x2 1鸣x6,联觉等级:80 总黄数:33 五星角色数:15 五星武器数:8 2鸣维里奈，1鸣珂莱塔，1鸣今汐，1鸣鉴心，1鸣卡卡罗，1鸣安可，1鸣凌阳，0鸣琳奈，0鸣千咲，0鸣弗洛洛，0鸣卡提希娅，0鸣椿，0鸣守岸人，0鸣相里要，0鸣长离 6鸣灯灯，6鸣釉瑚，6鸣桃祈，6鸣渊武，6鸣莫特斐，6鸣丹瑾，6鸣秋水，6鸣散华，6鸣炽霞，6鸣白芷，6鸣秧秧，0鸣卜灵 2鸣不屈命定之冠，2鸣千古洑流，1鸣死与舞，1鸣裁春，1鸣星序协响，1鸣时和岁稔，1鸣苍鳞千嶂，1鸣血誓盟约
24,35518073,100,官服,71,28,10,8,129,0,0,2,2,2.81,1322.81,13.228,6鸣x10 3鸣x1 2鸣x3 1鸣x4 0鸣x4,3鸣x1 1鸣x7,联觉等级:71 总黄数:28 五星角色数:10 五星武器数:8 2鸣安可，2鸣维里奈，1鸣卡提希娅，1鸣今汐，1鸣鉴心，1鸣卡卡罗，0鸣千咲，0鸣珂莱塔，0鸣折枝，0鸣凌阳 6鸣釉瑚，6鸣桃祈，6鸣渊武，6鸣莫特斐，6鸣丹瑾，6鸣秋水，6鸣散华，6鸣炽霞，6鸣白芷，6鸣秧秧，3鸣灯灯，2鸣卜灵 3鸣血誓盟约，1鸣不屈命定之冠，1鸣死与舞，1鸣时和岁稔，1鸣掣傀之手，1鸣苍鳞千嶂，1鸣停驻之烟，1鸣漪澜浮录 卖家说:有练度，自玩
25,5792972,45,官服,47,10,5,3,0,0,0,0,0,0.00,595.00,13.222,6鸣x2 5鸣x1 4鸣x1 3鸣x2 2鸣x2 1鸣x3 0鸣x3,1鸣x3,"总黄数: 10 联觉等级: 47 拥有五星共鸣者: 忌炎,鉴心,安可,维里奈,今汐 拥有五星武器: 苍鳞千嶂,千古洑流,时和岁稔 亮点: 有些时间没玩了，随缘出"
26,34820596,80,官服,64,18,9,5,141,0,0,10,10,10.88,1055.88,13.199,6鸣x3 5鸣x2 4鸣x1 3鸣x1 2鸣x4 1鸣x3 0鸣x6,1鸣x5,联觉等级:64 总黄数:18 五星角色数:9 五星武器数:5 2鸣鉴心，1鸣珂莱塔，1鸣卡卡罗，0鸣琳奈，0鸣坎特蕾拉，0鸣折枝，0鸣今汐，0鸣忌炎，0鸣维里奈 6鸣莫特斐，6鸣丹瑾，6鸣炽霞，5鸣秋水，5鸣白芷，4鸣釉瑚，3鸣渊武，2鸣桃祈，2鸣散华，2鸣秧秧，1鸣灯灯 1鸣溢彩荧辉，1鸣死与舞，1鸣血誓盟约，1鸣浩境粼光，1鸣千古洑流
27,35817834,126,官服,71,30,14,8,154,0,2,0,2,2.96,1642.96,13.039,2鸣x1 1鸣x2 0鸣x11,4鸣x1 1鸣x7,"71级/30黄/男主/14个五星角色/9个五星武器
未绑定,陆·赫斯,弗洛洛,奥古斯塔,布兰特,椿,今汐,珂莱塔,相里要,忌炎,维里奈,卡卡罗,鉴心,安可,凌阳,白昼之脊,镭射切变,幽冥的忘忧章,血誓盟约,时和岁稔,浩境粼光,千古洑流,停驻之烟,2命鉴心,1命陆·赫斯,1命卡卡罗,0命弗洛洛,0命奥古斯塔,0命布兰特,0命椿,0命今汐,0命珂莱塔,0命相里要,0命忌炎,0命维里奈,0命安可,0命凌阳,精4血誓盟约,精1白昼之脊,精1镭射切变,精1幽冥的忘忧章,精1时和岁稔,精1浩境粼光,精1千古洑流,精1停驻之烟"
28,35695176,60,官服,44,12,8,2,1134,3,0,0,3,10.09,780.09,13.001,6鸣x2 5鸣x2 4鸣x1 3鸣x1 2鸣x3 1鸣x3 0鸣x6,1鸣x2,联觉等级:44 总黄数:12 五星角色数:8 五星武器数:2 1鸣安可，1鸣维里奈，0鸣嘉贝莉娜，0鸣守岸人，0鸣今汐，0鸣忌炎，0鸣鉴心，0鸣卡卡罗 6鸣炽霞，6鸣秧秧，5鸣桃祈，5鸣散华，4鸣渊武，3鸣丹瑾，2鸣莫特斐，2鸣秋水，2鸣白芷，1鸣灯灯 1鸣星序协响，1鸣时和岁稔
29,35347934,150,官服,80,38,15,11,1384,10,0,10,20,28.65,1943.65,12.958,6鸣x10 5鸣x1 3鸣x3 2鸣x1 1鸣x1 0鸣x10,1鸣x11,联觉等级:80 总黄数:38 五星角色数:15 五星武器数:11 3鸣露帕，3鸣鉴心，3鸣卡卡罗，2鸣维里奈，1鸣赞妮，0鸣琳奈，0鸣嘉贝莉娜，0鸣布兰特，0鸣菲比，0鸣珂莱塔，0鸣相里要，0鸣长离，0鸣忌炎，0鸣安可，0鸣凌阳 6鸣釉瑚，6鸣桃祈，6鸣渊武，6鸣莫特斐，6鸣丹瑾，6鸣秋水，6鸣散华，6鸣炽霞，6鸣白芷，6鸣秧秧，5鸣灯灯 1鸣相位涟漪，1鸣光影双生，1鸣焰痕，1鸣焰光裁定，1鸣不灭航路，1鸣和光回唱，1鸣赫奕流明，1鸣苍鳞千嶂，1鸣血誓盟约，1鸣千古洑流，1鸣停驻之烟 卖家说:账号等级满级，光燥队，火队，风队配队齐全，武器齐全，鉴心三命可以快速六命，到手就是成品号，地图资源很多，因为是小号没怎么探索，但是绝版称号没少
30,35487773,150,官服,80,32,16,10,13,3,0,0,3,3.08,1933.08,12.887,6鸣x9 4鸣x2 3鸣x1 2鸣x1 1鸣x2 0鸣x13,2鸣x1 1鸣x9,联觉等级:80 总黄数:32 五星角色数:16 五星武器数:10 3鸣鉴心，1鸣今汐，1鸣维里奈，0鸣绯雪，0鸣西格莉卡，0鸣琳奈，0鸣尤诺，0鸣奥古斯塔，0鸣露帕，0鸣卡提希娅，0鸣折枝，0鸣吟霖，0鸣忌炎，0鸣卡卡罗，0鸣安可，0鸣凌阳 6鸣釉瑚，6鸣桃祈，6鸣渊武，6鸣丹瑾，6鸣秋水，6鸣散华，6鸣炽霞，6鸣白芷，6鸣秧秧，4鸣卜灵，4鸣莫特斐，2鸣灯灯 2鸣相位涟漪，1鸣昭日译注，1鸣不屈命定之冠，1鸣时和岁稔，1鸣掣傀之手，1鸣苍鳞千嶂，1鸣血誓盟约，1鸣千古洑流，1鸣擎渊怒涛，1鸣漪澜浮录
31,35934753,126,官服,62,27,12,10,132,2,1,2,5,5.83,1615.83,12.824,3鸣x1 1鸣x2 0鸣x9,1鸣x10,"62级/27黄/男主/12个五星角色/10个五星武器
未绑定,夏空,弗洛洛,尤诺,今汐,守岸人,相里要,吟霖,折枝,维里奈,卡卡罗,鉴心,凌阳,万物持存的注释,血誓盟约,诸方玄枢,时和岁稔,掣傀之手,浩境粼光,千古洑流,停驻之烟,擎渊怒涛,漪澜浮录,3命卡卡罗,1命相里要,1命鉴心,0命夏空,0命弗洛洛,0命尤诺,0命今汐,0命守岸人,0命吟霖,0命折枝,0命维里奈,0命凌阳,精1万物持存的注释,精1血誓盟约,精1诸方玄枢,精1时和岁稔,精1掣傀之手,精1浩境粼光,精1千古洑流,精1停驻之烟,精1擎渊怒涛,精1漪澜浮录"
32,34531850,100,官服,72,20,10,7,0,0,0,0,0,0.00,1255.00,12.550,2鸣x1 1鸣x1 0鸣x8,1鸣x7,72级/20黄/男主/10个五星角色/7个五星武器/未绑定/维里奈/卡卡罗/忌炎/今汐/吟霖/鉴心/折枝/椿/相里要/凌阳/掣傀之手/千古洑流/苍鳞千嶂/诸方玄枢/琼枝冰绡/浩境粼光/裁春/2鸣维里奈/1鸣卡卡罗/0鸣忌炎/0鸣今汐/0鸣吟霖/0鸣鉴心/0鸣折枝/0鸣椿/0鸣相里要/0鸣凌阳/1鸣掣傀之手/1鸣千古洑流/1鸣苍鳞千嶂/1鸣诸方玄枢/1鸣琼枝冰绡/1鸣浩境粼光/1鸣裁春
33,34189208,100,官服,67,27,9,8,8,0,0,2,2,2.05,1242.05,12.420,6鸣x6 3鸣x2 2鸣x5 1鸣x1 0鸣x7,1鸣x8,联觉等级:67 总黄数:27 2鸣相里要，2鸣卡卡罗，1鸣维里奈，0鸣西格莉卡，0鸣尤诺，0鸣洛可可，0鸣椿，0鸣吟霖，0鸣鉴心 6鸣桃祈，6鸣渊武，6鸣丹瑾，6鸣秋水，6鸣炽霞，6鸣秧秧，3鸣釉瑚，3鸣散华，2鸣灯灯，2鸣莫特斐，2鸣白芷，0鸣卜灵 1鸣相位涟漪，1鸣万物持存的注释，1鸣幽冥的忘忧章，1鸣诸方玄枢，1鸣掣傀之手，1鸣血誓盟约，1鸣浩境粼光，1鸣千古洑流
34,35634432,100,官服,69,23,9,8,70,0,0,1,1,1.44,1241.44,12.414,6鸣x8 5鸣x2 3鸣x1 2鸣x1 1鸣x1 0鸣x8,5鸣x1 1鸣x7,联觉等级:69 总黄数:23 五星角色数:9 五星武器数:8 2鸣卡卡罗，0鸣绯雪，0鸣莫宁，0鸣琳奈，0鸣千咲，0鸣弗洛洛，0鸣卡提希娅，0鸣鉴心，0鸣维里奈 6鸣釉瑚，6鸣桃祈，6鸣莫特斐，6鸣丹瑾，6鸣秋水，6鸣散华，6鸣白芷，6鸣秧秧，5鸣卜灵，5鸣渊武，3鸣炽霞，1鸣灯灯 5鸣血誓盟约，1鸣灼霜，1鸣宙算仪轨，1鸣镭射切变，1鸣昙切，1鸣浩境粼光，1鸣千古洑流，1鸣漪澜浮录
35,35586356,85,官服,64,18,8,6,158,11,7,2,20,20.99,1050.99,12.365,6鸣x5 4鸣x3 3鸣x1 2鸣x3 1鸣x1 0鸣x6,1鸣x6,联觉等级:64 总黄数:18 五星角色数:8 五星武器数:6 2鸣鉴心，2鸣维里奈，0鸣琳奈，0鸣千咲，0鸣卡提希娅，0鸣夏空，0鸣赞妮，0鸣凌阳 6鸣桃祈，6鸣渊武，6鸣秋水，6鸣白芷，6鸣秧秧，4鸣灯灯，4鸣釉瑚，4鸣丹瑾，3鸣炽霞，2鸣散华，1鸣莫特斐 1鸣溢彩荧辉，1鸣昙切，1鸣不屈命定之冠，1鸣血誓盟约，1鸣停驻之烟，1鸣擎渊怒涛
36,34532026,120,官服,80,27,12,8,0,0,0,0,0,0.00,1480.00,12.333,1鸣x5 0鸣x7,2鸣x1 1鸣x7,80级/27黄/女主/12个五星角色/9个五星武器/未绑定/椿/忌炎/卡卡罗/维里奈/鉴心/珂莱塔/菲比/长离/相里要/折枝/吟霖/安可/苍鳞千嶂/和光回唱/琼枝冰绡/诸方玄枢/死与舞/裁春/千古洑流/停驻之烟/1鸣椿/1鸣忌炎/1鸣卡卡罗/1鸣维里奈/1鸣鉴心/0鸣珂莱塔/0鸣菲比/0鸣长离/0鸣相里要/0鸣折枝/0鸣吟霖/0鸣安可/2鸣苍鳞千嶂/1鸣和光回唱/1鸣琼枝冰绡/1鸣诸方玄枢/1鸣死与舞/1鸣裁春/1鸣千古洑流/1鸣停驻之烟
37,35872022,105,官服,62,17,11,6,213,0,0,15,15,16.33,1286.33,12.251,0鸣x11,1鸣x6,"62级/17黄/男主/11个五星角色/6个五星武器
未绑定,卡提希娅,坎特蕾拉,椿,珂莱塔,吟霖,折枝,忌炎,维里奈,卡卡罗,鉴心,安可,血誓盟约,裁春,掣傀之手,苍鳞千嶂,千古洑流,停驻之烟,0命卡提希娅,0命坎特蕾拉,0命椿,0命珂莱塔,0命吟霖,0命折枝,0命忌炎,0命维里奈,0命卡卡罗,0命鉴心,0命安可,精1血誓盟约,精1裁春,精1掣傀之手,精1苍鳞千嶂,精1千古洑流,精1停驻之烟"
38,35814988,105,官服,80,22,10,7,128,0,0,0,0,0.80,1255.80,11.960,3鸣x1 1鸣x2 0鸣x7,1鸣x7,"80级/22黄/男主/10个五星角色/7个五星武器
未绑定,卡提希娅,椿,今汐,珂莱塔,相里要,忌炎,维里奈,卡卡罗,安可,凌阳,不屈命定之冠,血誓盟约,裁春,时和岁稔,浩境粼光,千古洑流,停驻之烟,3命安可,1命今汐,1命卡卡罗,0命卡提希娅,0命椿,0命珂莱塔,0命相里要,0命忌炎,0命维里奈,0命凌阳,精1不屈命定之冠,精1血誓盟约,精1裁春,精1时和岁稔,精1浩境粼光,精1千古洑流,精1停驻之烟"
39,35945317,144,官服,71,33,14,9,153,3,7,0,10,10.96,1715.96,11.916,2鸣x1 1鸣x6 0鸣x7,3鸣x1 1鸣x8,"71级/33黄/男主/14个五星角色/9个五星武器
未绑定,赞妮,卡提希娅,奥古斯塔,仇远,千咲,琳奈,菲比,坎特蕾拉,今汐,珂莱塔,维里奈,卡卡罗,安可,凌阳,相位涟漪,昙切,裁竹,海的呢喃,血誓盟约,星序协响,苍鳞千嶂,千古洑流,擎渊怒涛,2命维里奈,1命赞妮,1命卡提希娅,1命坎特蕾拉,1命卡卡罗,1命安可,1命凌阳,0命奥古斯塔,0命仇远,0命千咲,0命琳奈,0命菲比,0命今汐,0命珂莱塔,精3血誓盟约,精1相位涟漪,精1昙切,精1裁竹,精1海的呢喃,精1星序协响,精1苍鳞千嶂,精1千古洑流,精1擎渊怒涛"
40,35799490,147,官服,80,32,15,8,476,0,7,8,15,17.98,1737.97,11.823,2鸣x1 1鸣x5 0鸣x9,3鸣x1 1鸣x7,"80级/32黄/男主/15个五星角色/8个五星武器
未绑定,夏空,卡提希娅,弗洛洛,奥古斯塔,椿,今汐,守岸人,相里要,吟霖,折枝,维里奈,卡卡罗,鉴心,安可,凌阳,不屈命定之冠,血誓盟约,时和岁稔,掣傀之手,浩境粼光,千古洑流,停驻之烟,漪澜浮录,2命卡提希娅,1命守岸人,1命维里奈,1命卡卡罗,1命鉴心,1命凌阳,0命夏空,0命弗洛洛,0命奥古斯塔,0命椿,0命今汐,0命相里要,0命吟霖,0命折枝,0命安可,精3血誓盟约,精1不屈命定之冠,精1时和岁稔,精1掣傀之手,精1浩境粼光,精1千古洑流,精1停驻之烟,精1漪澜浮录"
41,32974204,70,官服,53,13,7,4,20,0,0,0,0,0.12,820.12,11.716,6鸣x3 5鸣x1 4鸣x1 3鸣x3 2鸣x3 1鸣x1 0鸣x7,1鸣x4,联觉等级:53 总黄数:13 五星角色数:7 五星武器数:4 2鸣卡卡罗，0鸣西格莉卡，0鸣嘉贝莉娜，0鸣今汐，0鸣忌炎，0鸣鉴心，0鸣维里奈 6鸣丹瑾，6鸣散华，6鸣秧秧，5鸣灯灯，4鸣莫特斐，3鸣卜灵，3鸣桃祈，3鸣渊武，2鸣炽霞，2鸣白芷，1鸣釉瑚，0鸣秋水 1鸣昭日译注，1鸣源能机锋，1鸣光影双生，1鸣血誓盟约
42,35817757,136,官服,80,34,14,7,178,0,7,1,8,9.11,1584.11,11.648,2鸣x4 1鸣x3 0鸣x7,3鸣x1 1鸣x6,"80级/34黄/女主/14个五星角色/7个五星武器
未绑定,赞妮,卡提希娅,菲比,椿,今汐,珂莱塔,长离,相里要,折枝,忌炎,维里奈,卡卡罗,鉴心,凌阳,血誓盟约,死与舞,诸方玄枢,时和岁稔,苍鳞千嶂,千古洑流,2命相里要,2命忌炎,2命卡卡罗,2命凌阳,1命菲比,1命维里奈,1命鉴心,0命赞妮,0命卡提希娅,0命椿,0命今汐,0命珂莱塔,0命长离,0命折枝,精3千古洑流,精1血誓盟约,精1死与舞,精1诸方玄枢,精1时和岁稔,精1苍鳞千嶂,精1千古洑流"
43,35112357,150,官服,80,30,13,10,921,2,7,8,17,22.76,1712.76,11.418,6鸣x9 5鸣x1 4鸣x1 2鸣x2 1鸣x4 0鸣x8,2鸣x1 1鸣x9,联觉等级:80 总黄数:30 五星角色数:13 五星武器数:10 2鸣维里奈，1鸣千咲，1鸣鉴心，1鸣安可，1鸣凌阳，0鸣绯雪，0鸣琳奈，0鸣尤诺，0鸣卡提希娅，0鸣赞妮，0鸣坎特蕾拉，0鸣菲比，0鸣守岸人 6鸣釉瑚，6鸣桃祈，6鸣渊武，6鸣莫特斐，6鸣秋水，6鸣散华，6鸣炽霞，6鸣白芷，6鸣秧秧，5鸣丹瑾，4鸣灯灯，2鸣卜灵 2鸣血誓盟约，1鸣灼霜，1鸣昙切，1鸣不屈命定之冠，1鸣焰光裁定，1鸣海的呢喃，1鸣千古洑流，1鸣停驻之烟，1鸣擎渊怒涛，1鸣漪澜浮录 卖家说:地图还有好多资源没有肝，周年庆活动也没有肝。还可以再凑出一个大保底。
44,35818411,157,官服,75,32,15,9,130,0,0,2,2,2.81,1787.81,11.387,2鸣x1 1鸣x4 0鸣x10,2鸣x1 1鸣x8,"75级/32黄/男主/15个五星角色/10个五星武器
未绑定,爱弥斯,奥古斯塔,嘉贝莉娜,菲比,椿,今汐,珂莱塔,长离,洛可可,相里要,折枝,维里奈,鉴心,安可,凌阳,驭冕铸雷之权,血誓盟约,死与舞,裁春,诸方玄枢,时和岁稔,浩境粼光,千古洑流,漪澜浮录,2命维里奈,1命今汐,1命鉴心,1命安可,1命凌阳,0命爱弥斯,0命奥古斯塔,0命嘉贝莉娜,0命菲比,0命椿,0命珂莱塔,0命长离,0命洛可可,0命相里要,0命折枝,精2千古洑流,精1驭冕铸雷之权,精1血誓盟约,精1死与舞,精1裁春,精1诸方玄枢,精1时和岁稔,精1浩境粼光,精1漪澜浮录"
45,35936781,100,官服,66,20,10,5,449,3,0,7,10,12.81,1137.81,11.378,6鸣x4 4鸣x1 3鸣x2 2鸣x2 1鸣x4 0鸣x8,1鸣x5,联觉等级:66 总黄数:20 五星角色数:10 五星武器数:5 2鸣弗洛洛，1鸣鉴心，1鸣安可，1鸣维里奈，0鸣达妮娅，0鸣嘉贝莉娜，0鸣尤诺，0鸣坎特蕾拉，0鸣卡卡罗，0鸣凌阳 6鸣灯灯，6鸣桃祈，6鸣渊武，6鸣秧秧，4鸣炽霞，3鸣釉瑚，3鸣莫特斐，2鸣秋水，1鸣白芷，0鸣卜灵，0鸣散华 1鸣万物持存的注释，1鸣幽冥的忘忧章，1鸣血誓盟约，1鸣千古洑流，1鸣漪澜浮录 卖家说:2链毕业弗洛洛2+1，达妮娅，湮灭队
46,33398915,100,官服,53,17,9,6,1043,3,0,10,13,19.52,1129.52,11.295,6鸣x3 5鸣x3 4鸣x4 3鸣x1 1鸣x2 0鸣x7,1鸣x6,联觉等级:53 总黄数:17 五星角色数:9 五星武器数:6 1鸣鉴心，1鸣维里奈，0鸣尤诺，0鸣奥古斯塔，0鸣赞妮，0鸣坎特蕾拉，0鸣菲比，0鸣卡卡罗，0鸣安可 6鸣桃祈，6鸣渊武，6鸣莫特斐，5鸣秋水，5鸣散华，5鸣白芷，4鸣灯灯，4鸣丹瑾，4鸣炽霞，4鸣秧秧，3鸣釉瑚 1鸣焰光裁定，1鸣星序协响，1鸣掣傀之手，1鸣苍鳞千嶂，1鸣血誓盟约，1鸣千古洑流
47,35622973,110,官服,63,22,12,4,584,0,0,0,0,3.65,1223.65,11.124,6鸣x8 5鸣x1 4鸣x1 3鸣x1 2鸣x1 1鸣x4 0鸣x8,2鸣x1 1鸣x3,联觉等级:63 总黄数:22 五星角色数:12 五星武器数:4 2鸣安可，1鸣鉴心，1鸣卡卡罗，1鸣凌阳，0鸣达妮娅，0鸣绯雪，0鸣西格莉卡，0鸣琳奈，0鸣嘉贝莉娜，0鸣弗洛洛，0鸣卡提希娅，0鸣坎特蕾拉 6鸣卜灵，6鸣桃祈，6鸣丹瑾，6鸣秋水，6鸣散华，6鸣炽霞，6鸣白芷，6鸣秧秧，5鸣渊武，4鸣莫特斐，3鸣釉瑚，1鸣灯灯 2鸣血誓盟约，1鸣赝作的矮星，1鸣停驻之烟，1鸣漪澜浮录 卖家说:实名非本人可签包赔协议
48,35698165,100,官服,64,18,9,6,24,0,0,0,0,0.15,1110.15,11.102,6鸣x3 4鸣x2 3鸣x3 2鸣x1 1鸣x3 0鸣x9,3鸣x1 1鸣x5,联觉等级:64 总黄数:18 五星角色数:9 五星武器数:6 1鸣卡卡罗，0鸣绯雪，0鸣琳奈，0鸣千咲，0鸣尤诺，0鸣守岸人，0鸣安可，0鸣维里奈，0鸣凌阳 6鸣桃祈，6鸣秋水，6鸣白芷，4鸣丹瑾，4鸣散华，3鸣渊武，3鸣炽霞，3鸣秧秧，2鸣莫特斐，1鸣卜灵，1鸣釉瑚，0鸣灯灯 3鸣血誓盟约，1鸣灼霜，1鸣相位涟漪，1鸣昙切，1鸣万物持存的注释，1鸣星序协响 卖家说:退坑了，不想玩了，有看上的来
49,29055204,110,官服,72,21,12,4,0,0,0,0,0,0.00,1220.00,11.091,6鸣x5 5鸣x3 4鸣x1 3鸣x1 1鸣x3 0鸣x10,1鸣x4,联觉等级:72 总黄数:21 星声数量:981 浮金波纹数量:0 铸潮波纹数量:0 唤声涡纹数量:9 五星角色数:12 3鸣鉴心，1鸣卡卡罗，1鸣维里奈，0鸣卡提希娅，0鸣椿，0鸣守岸人，0鸣相里要，0鸣长离，0鸣吟霖，0鸣忌炎，0鸣安可，0鸣凌阳 6鸣桃祈，6鸣莫特斐，6鸣丹瑾，6鸣白芷，6鸣秧秧，5鸣渊武，5鸣秋水，5鸣散华，4鸣炽霞，1鸣釉瑚，0鸣灯灯 五星武器数:4 1鸣裁春，1鸣赫奕流明，1鸣血誓盟约，1鸣漪澜浮录
50,35923649,140,官服,72,32,12,9,216,0,0,0,0,1.35,1546.35,11.045,6鸣x10 4鸣x1 2鸣x2 1鸣x3 0鸣x8,5鸣x1 2鸣x1 1鸣x7,鸣潮21绯雪01卡提希娅菲比赞妮忌炎单莫宁尤诺今汐    大保底垫13抽  武器垫28抽 有双倍   有TAP绑定  M04的 57
51,8107436,120,官服,71,20,10,8,0,0,0,0,0,0.00,1320.00,11.000,1鸣x2 0鸣x8,1鸣x8,"71级/20黄/女主/10个五星角色/8个五星武器
未绑定,长离,今汐,吟霖,忌炎,维里奈,鉴心,安可,相里要,椿,折枝,赫奕流明,时和岁稔,掣傀之手,苍鳞千嶂,千古洑流,漪澜浮录,裁春,诸方玄枢,1命维里奈,1命安可,0命长离,0命今汐,0命吟霖,0命忌炎,0命鉴心,0命相里要,0命椿,0命折枝,精1赫奕流明,精1时和岁稔,精1掣傀之手,精1苍鳞千嶂,精1千古洑流,精1漪澜浮录,精1裁春,精1诸方玄枢"
52,34531864,120,官服,71,20,10,8,0,0,0,0,0,0.00,1320.00,11.000,1鸣x2 0鸣x8,1鸣x8,71级/20黄/女主/10个五星角色/8个五星武器/未绑定/维里奈/安可/今汐/长离/椿/相里要/忌炎/吟霖/折枝/鉴心/赫奕流明/千古洑流/时和岁稔/掣傀之手/裁春/苍鳞千嶂/漪澜浮录/诸方玄枢/1鸣维里奈/1鸣安可/0鸣今汐/0鸣长离/0鸣椿/0鸣相里要/0鸣忌炎/0鸣吟霖/0鸣折枝/0鸣鉴心/1鸣赫奕流明/1鸣千古洑流/1鸣时和岁稔/1鸣掣傀之手/1鸣裁春/1鸣苍鳞千嶂/1鸣漪澜浮录/1鸣诸方玄枢
53,33718762,100,官服,64,23,8,7,139,2,0,2,4,4.87,1099.87,10.999,6鸣x4 5鸣x2 4鸣x2 2鸣x1 1鸣x1 0鸣x9,2鸣x1 1鸣x6,联觉等级:64 总黄数:23 0鸣尤诺，0鸣赞妮，0鸣菲比，0鸣珂莱塔，0鸣守岸人，0鸣鉴心，0鸣安可，0鸣凌阳 6鸣灯灯，6鸣桃祈，6鸣渊武，6鸣秧秧，5鸣散华，5鸣白芷，4鸣釉瑚，4鸣炽霞，2鸣莫特斐，1鸣秋水，0鸣丹瑾 2鸣焰光裁定，1鸣和光回唱，1鸣血誓盟约，1鸣千古洑流，1鸣停驻之烟
54,35854032,157,官服,80,32,15,8,89,0,0,0,0,0.56,1720.56,10.959,3鸣x1 2鸣x1 1鸣x1 0鸣x12,3鸣x1 2鸣x1 1鸣x6,"80级/32黄/男主/15个五星角色/8个五星武器
未绑定,达妮娅,卡提希娅,弗洛洛,尤诺,莫宁,菲比,椿,今汐,折枝,忌炎,维里奈,卡卡罗,鉴心,安可,凌阳,幽冥的忘忧章,不屈命定之冠,血誓盟约,和光回唱,时和岁稔,浩境粼光,千古洑流,漪澜浮录,3命维里奈,2命安可,1命菲比,0命达妮娅,0命卡提希娅,0命弗洛洛,0命尤诺,0命莫宁,0命椿,0命今汐,0命折枝,0命忌炎,0命卡卡罗,0命鉴心,0命凌阳,精3血誓盟约,精2浩境粼光,精1幽冥的忘忧章,精1不屈命定之冠,精1和光回唱,精1时和岁稔,精1千古洑流,精1漪澜浮录"
55,34994160,130,官服,61,25,12,7,212,0,0,2,2,3.33,1418.33,10.910,6鸣x8 5鸣x1 2鸣x3 1鸣x3 0鸣x8,1鸣x7,联觉等级:61 总黄数:25 五星角色数:12 五星武器数:7 2鸣卡卡罗，2鸣安可，1鸣维里奈，1鸣凌阳，0鸣千咲，0鸣弗洛洛，0鸣卡提希娅，0鸣赞妮，0鸣椿，0鸣守岸人，0鸣长离，0鸣今汐 6鸣灯灯，6鸣渊武，6鸣莫特斐，6鸣丹瑾，6鸣秋水，6鸣散华，6鸣炽霞，6鸣白芷，5鸣秧秧，2鸣釉瑚，1鸣桃祈 1鸣幽冥的忘忧章，1鸣不屈命定之冠，1鸣星序协响，1鸣血誓盟约，1鸣浩境粼光，1鸣千古洑流 卖家说:诚心出，急需钱
56,30305172,99,官服,56,19,7,8,0,0,0,0,0,0.00,1080.00,10.909,6鸣x4 5鸣x3 4鸣x1 2鸣x1 1鸣x3 0鸣x6,1鸣x8,联觉等级:56 总黄数:19 星声数量:151 浮金波纹数量:0 铸潮波纹数量:3 唤声涡纹数量:1 五星角色数:7 2鸣鉴心，1鸣仇远，1鸣卡卡罗，0鸣珂莱塔，0鸣相里要，0鸣今汐，0鸣维里奈 6鸣桃祈，6鸣渊武，6鸣炽霞，6鸣秧秧，5鸣秋水，5鸣散华，5鸣白芷，4鸣丹瑾，1鸣莫特斐，0鸣灯灯，0鸣釉瑚 五星武器数:8 1鸣溢彩荧辉，1鸣裁竹，1鸣诸方玄枢，1鸣时和岁稔，1鸣血誓盟约，1鸣浩境粼光，1鸣千古洑流，1鸣擎渊怒涛
57,35257796,130,官服,75,30,11,8,207,0,0,0,0,1.29,1401.29,10.779,6鸣x7 4鸣x2 3鸣x2 2鸣x2 1鸣x5 0鸣x5,5鸣x1 1鸣x7,联觉等级:75 总黄数:30 五星角色数:11 五星武器数:8 2鸣仇远，1鸣嘉贝莉娜，1鸣卡卡罗，1鸣安可，1鸣维里奈，1鸣凌阳，0鸣绯雪，0鸣西格莉卡，0鸣千咲，0鸣卡提希娅，0鸣椿 6鸣桃祈，6鸣渊武，6鸣丹瑾，6鸣散华，6鸣炽霞，6鸣白芷，6鸣秧秧，4鸣釉瑚，4鸣秋水，3鸣灯灯，3鸣莫特斐，2鸣卜灵 5鸣血誓盟约，1鸣裁竹，1鸣光影双生，1鸣不屈命定之冠，1鸣裁春，1鸣千古洑流，1鸣停驻之烟
58,34905083,152,官服,80,33,13,7,9828,78,4,0,82,143.43,1638.42,10.779,6鸣x11 5鸣x1 2鸣x2 1鸣x2 0鸣x8,2鸣x1 1鸣x6,联觉等级:80 总黄数:33 五星角色数:13 五星武器数:7 6鸣鉴心，2鸣珂莱塔，2鸣维里奈，1鸣菲比，1鸣安可，0鸣千咲，0鸣卡提希娅，0鸣赞妮，0鸣洛可可，0鸣椿，0鸣长离，0鸣今汐，0鸣卡卡罗 6鸣灯灯，6鸣桃祈，6鸣渊武，6鸣莫特斐，6鸣丹瑾，6鸣秋水，6鸣散华，6鸣炽霞，6鸣白芷，6鸣秧秧，5鸣釉瑚 2鸣血誓盟约，1鸣万物持存的注释，1鸣死与舞，1鸣星序协响，1鸣苍鳞千嶂，1鸣千古洑流，1鸣漪澜浮录 卖家说:六命鉴心，今夕皮肤，池子垫了60多抽。歪了也可以出五星角色加专武，有星声，球子，平台验号，可以讲价
59,33761640,90,哔哩哔哩,68,22,8,5,205,0,0,0,0,1.28,966.28,10.736,6鸣x7 5鸣x1 2鸣x3 1鸣x2 0鸣x7,1鸣x5,联觉等级:68 总黄数:22 1鸣长离，1鸣维里奈，0鸣卡提希娅，0鸣坎特蕾拉，0鸣守岸人，0鸣鉴心，0鸣卡卡罗，0鸣安可 6鸣渊武，6鸣莫特斐，6鸣丹瑾，6鸣秋水，6鸣散华，6鸣白芷，6鸣秧秧，5鸣桃祈，2鸣卜灵，2鸣灯灯，2鸣炽霞，0鸣釉瑚 1鸣掣傀之手，1鸣血誓盟约，1鸣千古洑流
60,34965102,150,官服,76,29,12,10,71,0,0,0,0,0.44,1610.44,10.736,6鸣x8 5鸣x2 4鸣x1 3鸣x1 2鸣x2 1鸣x3 0鸣x7,1鸣x10,联觉等级:76 总黄数:29 五星角色数:12 五星武器数:10 2鸣维里奈，2鸣凌阳，1鸣相里要，1鸣折枝，1鸣卡卡罗，0鸣爱弥斯，0鸣弗洛洛，0鸣赞妮，0鸣坎特蕾拉，0鸣菲比，0鸣今汐，0鸣鉴心 6鸣桃祈，6鸣渊武，6鸣莫特斐，6鸣丹瑾，6鸣秋水，6鸣散华，6鸣炽霞，6鸣白芷，5鸣釉瑚，5鸣秧秧，4鸣灯灯，3鸣卜灵 1鸣幽冥的忘忧章，1鸣焰光裁定，1鸣和光回唱，1鸣琼枝冰绡，1鸣血誓盟约，1鸣浩境粼光，1鸣千古洑流，1鸣擎渊怒涛，1鸣漪澜浮录 卖家说:两个光队，一个暗队，基本都有专武
61,31380584,90,官服,64,17,8,5,102,0,0,0,0,0.64,965.64,10.729,6鸣x5 5鸣x2 3鸣x2 2鸣x1 1鸣x4 0鸣x5,2鸣x1 1鸣x4,联觉等级:64 总黄数:17 五星角色数:8 五星武器数:5 1鸣千咲，1鸣忌炎，1鸣维里奈，0鸣菲比，0鸣椿，0鸣鉴心，0鸣安可，0鸣凌阳 6鸣桃祈，6鸣莫特斐，6鸣炽霞，6鸣白芷，6鸣秧秧，5鸣渊武，5鸣散华，3鸣釉瑚，3鸣丹瑾，2鸣卜灵，1鸣秋水 2鸣血誓盟约，1鸣源能机锋，1鸣昙切，1鸣浩境粼光，1鸣千古洑流 卖家说:开服没多久玩的，抽了两个角色就退了，千咲菲比池子回游的
62,28748185,90,官服,55,13,8,5,0,0,0,0,0,0.00,965.00,10.722,6鸣x4 4鸣x1 3鸣x1 1鸣x1 0鸣x10,1鸣x5,联觉等级:55 总黄数:13 星声数量:152 浮金波纹数量:0 铸潮波纹数量:0 唤声涡纹数量:0 五星角色数:8 0鸣守岸人，0鸣相里要，0鸣折枝，0鸣长离，0鸣今汐，0鸣卡卡罗，0鸣安可，0鸣维里奈 6鸣桃祈，6鸣丹瑾，6鸣散华，6鸣炽霞，4鸣白芷，3鸣秧秧，1鸣莫特斐，0鸣渊武，0鸣秋水 五星武器数:5 1鸣星序协响，1鸣时和岁稔，1鸣千古洑流，1鸣停驻之烟
63,35182308,158,官服,78,29,12,11,846,0,10,0,10,15.29,1690.29,10.698,2鸣x1 1鸣x2 0鸣x9,3鸣x1 1鸣x10,"男/女主: 男主 总黄数: 29 联觉等级: 78 星声数量: 846 铸潮波纹数量: 10 拥有五星共鸣者: 卡卡罗,安可,维里奈,凌阳,今汐,长离,菲比,卡提希娅,嘉贝莉娜,琳奈,莫宁,绯雪 2鸣五星共鸣者: 2鸣安可 1鸣五星共鸣者: 1鸣维里奈,1鸣凌阳 0鸣五星共鸣者: 0鸣卡卡罗,0鸣今汐,0鸣长离,0鸣菲比,0鸣卡提希娅,0鸣嘉贝莉娜,0鸣琳奈,0鸣莫宁,0鸣绯雪 拥有五星武器: 浩境粼光,千古洑流,停驻之烟,时和岁稔,赫奕流明,和光回唱,血誓盟约,不屈命定之冠,光影双生,相位涟漪,灼霜 3鸣五星武器: 3鸣血誓盟约 1鸣五星武器: 1鸣浩境粼光,1鸣千古洑流,1鸣停驻之烟,1鸣时和岁稔,1鸣赫奕流明,1鸣和光回唱,1鸣不屈命定之冠,1鸣光影双生,1鸣相位涟漪,1鸣灼霜 亮点: 【MC275】78级/29黄/男主/12个五星角色/11个五星武器/未绑定/安可/维里奈/凌阳/卡提希娅/绯雪/莫宁/琳奈/嘉贝莉娜/菲比/长离/今汐/卡卡罗/血誓盟约/相位涟漪/光影双生/灼霜/不屈命定之冠/赫奕流明/千古洑流/时和岁稔/和光回唱/停驻之烟/浩境粼光/2鸣安可/1鸣维里奈/1鸣凌阳/0鸣卡提希娅/0鸣绯雪/0鸣莫宁/0鸣琳奈/0鸣嘉贝莉娜/0鸣菲比/0鸣长离/0鸣今汐/0鸣卡卡罗/3鸣血誓盟约/1鸣相位涟漪/1鸣光影双生/1鸣灼霜/1鸣不屈命定之冠/1鸣赫奕流明/1鸣千..."
64,34709059,130,官服,80,28,11,7,114,0,21,16,37,37.71,1372.71,10.559,6鸣x7 5鸣x2 3鸣x2 2鸣x3 0鸣x9,3鸣x1 1鸣x6,联觉等级:80 总黄数:28 五星角色数:11 五星武器数:7 3鸣卡卡罗，3鸣维里奈，2鸣卡提希娅，0鸣弗洛洛，0鸣椿，0鸣守岸人，0鸣相里要，0鸣长离，0鸣吟霖，0鸣鉴心，0鸣安可 6鸣釉瑚，6鸣桃祈，6鸣渊武，6鸣丹瑾，6鸣秋水，6鸣散华，6鸣白芷，5鸣炽霞，5鸣秧秧，2鸣灯灯，2鸣莫特斐，0鸣卜灵 3鸣血誓盟约，1鸣不屈命定之冠，1鸣裁春，1鸣诸方玄枢，1鸣赫奕流明，1鸣千古洑流，1鸣漪澜浮录 卖家说:大保底，多资源，多毕业主c，三配队，卡提2+1，3命维利奈，椿长离相里要0+1，毕业练度高升级材料充足，待开发星声资源丰富
65,8107380,100,官服,62,18,9,5,0,0,0,0,0,0.00,1045.00,10.450,1鸣x3 0鸣x6,1鸣x5,"62级/18黄/女主/9个五星角色/6个五星武器
未绑定,今汐,吟霖,忌炎,维里奈,卡卡罗,鉴心,安可,凌阳,菲比,时和岁稔,掣傀之手,苍鳞千嶂,千古洑流,和光回唱,1命吟霖,1命卡卡罗,1命安可,0命今汐,0命忌炎,0命维里奈,0命鉴心,0命凌阳,0命菲比,精1时和岁稔,精1掣傀之手,精1苍鳞千嶂,精1千古洑流,精1和光回唱"
66,33360240,60,官服,46,10,7,1,109,0,0,1,1,1.68,626.68,10.445,5鸣x3 4鸣x2 3鸣x2 2鸣x1 1鸣x1 0鸣x8,1鸣x1,联觉等级:46 总黄数:10 五星角色数:7 五星武器数:1 2鸣卡卡罗，0鸣长离，0鸣今汐，0鸣吟霖，0鸣忌炎，0鸣维里奈，0鸣凌阳 5鸣莫特斐，5鸣散华，5鸣炽霞，4鸣渊武，4鸣丹瑾，3鸣白芷，3鸣秧秧，1鸣秋水，0鸣釉瑚，0鸣桃祈 1鸣千古洑流
67,34665047,100,官服,52,19,8,6,51,0,10,1,11,11.32,1041.32,10.413,6鸣x4 5鸣x2 3鸣x2 2鸣x2 1鸣x3 0鸣x7,2鸣x1 1鸣x5,联觉等级:52 总黄数:19 五星角色数:8 五星武器数:6 3鸣维里奈，1鸣鉴心，0鸣爱弥斯，0鸣卡提希娅，0鸣相里要，0鸣折枝，0鸣长离，0鸣卡卡罗 6鸣桃祈，6鸣秋水，6鸣散华，6鸣白芷，5鸣莫特斐，5鸣炽霞，3鸣渊武，2鸣釉瑚，2鸣丹瑾，1鸣灯灯，1鸣秧秧，0鸣卜灵 2鸣血誓盟约，1鸣永远的启明星，1鸣不屈命定之冠，1鸣诸方玄枢，1鸣浩境粼光，1鸣漪澜浮录 卖家说:号上还有一点点材料没有抽
68,33872361,130,官服,71,25,12,6,5,0,0,1,1,1.03,1351.03,10.393,6鸣x8 3鸣x1 2鸣x2 1鸣x3 0鸣x9,1鸣x6,联觉等级:71 总黄数:25 2鸣安可，2鸣维里奈，1鸣卡卡罗，0鸣爱弥斯，0鸣卡提希娅，0鸣坎特蕾拉，0鸣椿，0鸣相里要，0鸣折枝，0鸣今汐，0鸣吟霖，0鸣鉴心 6鸣桃祈，6鸣渊武，6鸣莫特斐，6鸣丹瑾，6鸣散华，6鸣炽霞，6鸣白芷，6鸣秧秧，3鸣秋水，1鸣灯灯，1鸣釉瑚 1鸣不屈命定之冠，1鸣时和岁稔，1鸣掣傀之手，1鸣血誓盟约，1鸣千古洑流
69,35947450,50,官服,46,8,4,3,185,1,0,1,2,3.16,518.16,10.363,6鸣x2 5鸣x1 3鸣x3 2鸣x2 1鸣x1 0鸣x5,1鸣x3,联觉等级:46 总黄数:8 五星角色数:4 五星武器数:3 1鸣维里奈，0鸣椿，0鸣卡卡罗，0鸣凌阳 6鸣渊武，6鸣炽霞，5鸣散华，3鸣莫特斐，3鸣秋水，3鸣白芷，2鸣丹瑾，2鸣秧秧，0鸣灯灯，0鸣桃祈 1鸣裁春，1鸣血誓盟约，1鸣千古洑流
70,34537064,120,官服,80,25,9,8,0,0,0,0,0,0.00,1240.00,10.333,3鸣x1 2鸣x1 1鸣x2 0鸣x5,1鸣x8,80级/25黄/男主/9个五星角色/9个五星武器/未绑定/维里奈/守岸人/卡卡罗/凌阳/珂莱塔/洛可可/椿/今汐/鉴心/悲喜剧/死与舞/停驻之烟/血誓盟约/裁春/千古洑流/时和岁稔/浩境粼光/3鸣维里奈/2鸣守岸人/1鸣卡卡罗/1鸣凌阳/0鸣珂莱塔/0鸣洛可可/0鸣椿/0鸣今汐/0鸣鉴心/1鸣悲喜剧/1鸣死与舞/1鸣停驻之烟/1鸣血誓盟约/1鸣裁春/1鸣千古洑流/1鸣时和岁稔/1鸣浩境粼光
71,35016689,80,官服,52,16,7,4,140,0,0,0,0,0.88,820.88,10.261,6鸣x2 3鸣x2 2鸣x3 1鸣x7 0鸣x4,3鸣x1 1鸣x3,联觉等级:52 总黄数:16 五星角色数:7 五星武器数:4 1鸣卡提希娅，1鸣安可，1鸣维里奈，0鸣莫宁，0鸣夏空，0鸣鉴心，0鸣凌阳 6鸣釉瑚，6鸣白芷，3鸣莫特斐，3鸣秋水，2鸣卜灵，2鸣桃祈，2鸣秧秧，1鸣灯灯，1鸣渊武，1鸣散华，1鸣炽霞 3鸣血誓盟约，1鸣相位涟漪，1鸣不屈命定之冠，1鸣漪澜浮录 卖家说:急用，急出
72,35208178,137,官服,67,28,11,8,0,0,0,0,0,0.00,1400.00,10.219,6鸣x3 5鸣x2 3鸣x2 2鸣x3 1鸣x2 0鸣x9,1鸣x8,"【鸣潮】冒险等级：67，女主，五星数量：20，五星角色:维里奈 * 3命,嘉贝莉娜 * 3命,卡卡罗 * 1命,凌阳 * 1命,安可,鉴心,夏空,露帕,卡提希娅,弗洛洛,千咲__五星武器:漪澜浮录,千古洑流,千古洑流,不屈命定之冠,焰痕,光影双生,昙切,血誓盟约,玻色星仪__四星角色:白芷 * 6命,莫特斐 * 6命,散华 * 6命,秧秧 * 5命,秋水 * 5命,渊武 * 2命,丹瑾 * 2命,釉瑚 * 2命,桃祈,炽霞"
73,34537280,150,官服,73,22,11,10,0,0,0,0,0,0.00,1530.00,10.200,1鸣x1 0鸣x10,1鸣x10,73级/22黄/男主/11个五星角色/10个五星武器/未绑定/维里奈/今汐/折枝/守岸人/相里要/忌炎/安可/吟霖/卡卡罗/珂莱塔/椿/星序协响/漪澜浮录/诸方玄枢/时和岁稔/苍鳞千嶂/琼枝冰绡/掣傀之手/停驻之烟/裁春/千古洑流/1鸣维里奈/0鸣今汐/0鸣折枝/0鸣守岸人/0鸣相里要/0鸣忌炎/0鸣安可/0鸣吟霖/0鸣卡卡罗/0鸣珂莱塔/0鸣椿/1鸣星序协响/1鸣漪澜浮录/1鸣诸方玄枢/1鸣时和岁稔/1鸣苍鳞千嶂/1鸣琼枝冰绡/1鸣掣傀之手/1鸣停驻之烟/1鸣裁春/1鸣千古洑流
74,29268574,120,官服,56,17,12,4,0,0,0,0,0,0.00,1220.00,10.167,6鸣x5 5鸣x1 4鸣x1 1鸣x3 0鸣x13,1鸣x4,联觉等级:56 总黄数:17 星声数量:107 浮金波纹数量:0 铸潮波纹数量:0 唤声涡纹数量:1 五星角色数:12 1鸣维里奈，0鸣嘉贝莉娜，0鸣露帕，0鸣珂莱塔，0鸣长离，0鸣今汐，0鸣吟霖，0鸣忌炎，0鸣鉴心，0鸣卡卡罗，0鸣安可，0鸣凌阳 6鸣渊武，6鸣莫特斐，6鸣秋水，6鸣散华，6鸣炽霞，5鸣秧秧，4鸣白芷，1鸣桃祈，1鸣丹瑾，0鸣灯灯，0鸣釉瑚 五星武器数:4 1鸣死与舞，1鸣苍鳞千嶂，1鸣千古洑流，1鸣擎渊怒涛 卖家说:（7up嘉贝露帕自玩欧号）7up嘉贝露帕自玩欧号，资源多，肝了很久了，边玩边卖，持续增加，没有其他绑定，随时换绑，退游出了
75,7251602,60,官服,54,10,6,2,0,0,0,0,0,0.00,610.00,10.167,6鸣x2 4鸣x4 3鸣x1 1鸣x4 0鸣x5,1鸣x2,"总黄数: 10 联觉等级: 54 拥有五星共鸣者: 折枝,今汐,鉴心,卡卡罗,安可,维里奈 拥有五星武器: 时和岁稔,千古洑流 亮点: 煌珑全区域百分百探索，现有大保底已垫 60 多抽，1+1 今夕 0+0 折枝"
76,34727356,140,官服,0,24,12,7,0,0,0,0,0,0.00,1415.00,10.107,2鸣x1 1鸣x1 0鸣x10,1鸣x7,官服【24金】【等级74】叱妖诰【五星角色】维里奈二命 椿一命 长离 卡提希娅 相里要 布兰特 千咲 露帕 菲比 凌阳 鉴心 卡卡罗【五星武器】和光回唱 诸方玄枢 不屈命定之冠 血誓盟约 赫奕流明 千古洑流x2 浩境粼光 掣傀之手 鸣潮账号
77,34537500,150,官服,79,23,10,11,0,0,0,0,0,0.00,1515.00,10.100,1鸣x2 0鸣x8,1鸣x11,79级/23黄/男主/10个五星角色/11个五星武器/未绑定/维里奈/卡卡罗/珂莱塔/守岸人/椿/相里要/长离/忌炎/鉴心/凌阳/星序协响/诸方玄枢/死与舞/停驻之烟/裁春/赫奕流明/千古洑流/苍鳞千嶂/浩境粼光/漪澜浮录/擎渊怒涛/1鸣维里奈/1鸣卡卡罗/0鸣珂莱塔/0鸣守岸人/0鸣椿/0鸣相里要/0鸣长离/0鸣忌炎/0鸣鉴心/0鸣凌阳/1鸣星序协响/1鸣诸方玄枢/1鸣死与舞/1鸣停驻之烟/1鸣裁春/1鸣赫奕流明/1鸣千古洑流/1鸣苍鳞千嶂/1鸣浩境粼光/1鸣漪澜浮录/1鸣擎渊怒涛
78,35482426,90,官服,67,19,8,4,86,8,0,0,8,8.54,908.54,10.095,6鸣x7 4鸣x1 3鸣x3 2鸣x2 1鸣x2 0鸣x5,1鸣x4,联觉等级:67 总黄数:19 五星角色数:8 五星武器数:4 4鸣凌阳，2鸣安可，1鸣坎特蕾拉，0鸣千咲，0鸣赞妮，0鸣菲比，0鸣今汐，0鸣吟霖 6鸣釉瑚，6鸣桃祈，6鸣渊武，6鸣莫特斐，6鸣丹瑾，6鸣散华，6鸣炽霞，3鸣卜灵，3鸣灯灯，3鸣秋水，2鸣秧秧，1鸣白芷 1鸣时和岁稔，1鸣血誓盟约，1鸣浩境粼光，1鸣擎渊怒涛
79,34740908,126,官服,0,20,11,6,0,0,0,0,0,0.00,1270.00,10.079,1鸣x3 0鸣x8,1鸣x6,官服【20金】【等级70】叱妖诰【五星角色】 珂莱塔 守岸人 西格莉卡 今汐 吟霖 维里奈一命 安可一命 鉴心 相里要 凌阳一命 卡卡罗 【五星武器】 星序协响 擎渊怒涛 死与舞 千古洑流 浩境粼光 血誓盟约 鸣潮账号
80,35816370,157,官服,80,35,13,8,976,0,0,11,11,17.10,1577.10,10.045,3鸣x3 2鸣x2 1鸣x1 0鸣x7,1鸣x8,"80级/35黄/女主/13个五星角色/8个五星武器
未绑定,夏空,卡提希娅,露帕,菲比,布兰特,坎特蕾拉,守岸人,忌炎,维里奈,卡卡罗,鉴心,安可,凌阳,焰痕,不屈命定之冠,海的呢喃,血誓盟约,不灭航路,苍鳞千嶂,停驻之烟,漪澜浮录,3命布兰特,3命维里奈,3命鉴心,2命卡卡罗,2命凌阳,1命安可,0命夏空,0命卡提希娅,0命露帕,0命菲比,0命坎特蕾拉,0命守岸人,0命忌炎,精1焰痕,精1不屈命定之冠,精1海的呢喃,精1血誓盟约,精1不灭航路,精1苍鳞千嶂,精1停驻之烟,精1漪澜浮录"
81,32466872,55,官服,44,7,6,1,737,1,0,0,1,5.61,550.61,10.011,6鸣x1 4鸣x3 3鸣x2 2鸣x2 1鸣x2 0鸣x7,1鸣x1,联觉等级:44 总黄数:7 五星角色数:6 五星武器数:1 0鸣椿，0鸣长离，0鸣鉴心，0鸣卡卡罗，0鸣安可，0鸣维里奈 6鸣白芷，4鸣桃祈，4鸣莫特斐，4鸣炽霞，3鸣渊武，3鸣秧秧，2鸣秋水，2鸣散华，1鸣釉瑚，1鸣丹瑾，0鸣灯灯 1鸣赫奕流明 卖家说:着急出售，可议价，相当于新手号
82,35792759,136,官服,78,26,12,6,615,0,0,2,2,5.84,1355.84,9.969,3鸣x1 2鸣x1 1鸣x2 0鸣x8,1鸣x6,"78级/26黄/女主/12个五星角色/7个五星武器
未绑定,赞妮,卡提希娅,琳奈,菲比,坎特蕾拉,今汐,长离,守岸人,维里奈,鉴心,安可,凌阳,幽冥的忘忧章,焰光裁定,血誓盟约,时和岁稔,掣傀之手,千古洑流,3命凌阳,2命安可,1命今汐,1命维里奈,0命赞妮,0命卡提希娅,0命琳奈,0命菲比,0命坎特蕾拉,0命长离,0命守岸人,0命鉴心,精1幽冥的忘忧章,精1焰光裁定,精1血誓盟约,精1时和岁稔,精1掣傀之手,精1千古洑流"
83,28777639,120,官服,69,20,9,7,0,0,0,0,0,0.00,1175.00,9.792,3鸣x1 1鸣x1 0鸣x7,1鸣x7,"69级/20黄/男主/9个五星角色/7个五星武器
未绑定,赞妮,夏空,椿,相里要,折枝,长离,维里奈,鉴心,卡卡罗,焰光裁定,血誓盟约,裁春,琼枝冰绡,赫奕流明,千古洑流,停驻之烟,3命赞妮,1命折枝,0命夏空,0命椿,0命相里要,0命长离,0命维里奈,0命鉴心,0命卡卡罗,精1焰光裁定,精1血誓盟约,精1裁春,精1琼枝冰绡,精1赫奕流明,精1千古洑流,精1停驻之烟"
84,33682424,100,官服,48,18,8,5,87,0,0,9,9,9.54,974.54,9.745,4鸣x1 3鸣x1 2鸣x2 1鸣x3 0鸣x13,5鸣x1 1鸣x4,联觉等级:48 总黄数:18 五星角色数:8 五星武器数:5 1鸣卡卡罗，0鸣西格莉卡，0鸣陆·赫斯，0鸣琳奈，0鸣仇远，0鸣赞妮，0鸣安可，0鸣维里奈 4鸣炽霞，3鸣渊武，2鸣灯灯，2鸣散华，1鸣白芷，1鸣秧秧，0鸣卜灵，0鸣釉瑚，0鸣桃祈，0鸣莫特斐，0鸣丹瑾，0鸣秋水 5鸣血誓盟约，1鸣昭日译注，1鸣脉冲协臂，1鸣相位涟漪
85,34998618,160,官服,76,27,13,7,3838,20,0,16,36,59.99,1554.99,9.719,6鸣x9 3鸣x2 2鸣x1 1鸣x3 0鸣x9,3鸣x1 1鸣x6,联觉等级:76 总黄数:27 五星角色数:13 五星武器数:7 2鸣卡提希娅，1鸣守岸人，1鸣安可，1鸣维里奈，0鸣千咲，0鸣仇远，0鸣嘉贝莉娜，0鸣珂莱塔，0鸣相里要，0鸣吟霖，0鸣鉴心，0鸣卡卡罗，0鸣凌阳 6鸣釉瑚，6鸣桃祈，6鸣渊武，6鸣丹瑾，6鸣秋水，6鸣散华，6鸣炽霞，6鸣白芷，6鸣秧秧，3鸣灯灯，3鸣莫特斐 3鸣血誓盟约，1鸣昙切，1鸣光影双生，1鸣不屈命定之冠，1鸣千古洑流，1鸣停驻之烟，1鸣擎渊怒涛
86,34964442,125,官服,63,21,10,5,5801,11,17,24,52,88.26,1213.26,9.706,6鸣x3 4鸣x2 3鸣x2 2鸣x4 1鸣x3 0鸣x8,4鸣x1 1鸣x4,联觉等级:63 总黄数:21 五星角色数:10 五星武器数:5 2鸣卡提希娅，1鸣凌阳，0鸣西格莉卡，0鸣莫宁，0鸣琳奈，0鸣夏空，0鸣守岸人，0鸣鉴心，0鸣安可，0鸣维里奈 6鸣散华，6鸣白芷，6鸣秧秧，4鸣釉瑚，4鸣炽霞，3鸣灯灯，3鸣渊武，2鸣卜灵，2鸣莫特斐，2鸣秋水，1鸣桃祈，1鸣丹瑾 4鸣血誓盟约，1鸣脉冲协臂，1鸣不屈命定之冠，1鸣千古洑流，1鸣停驻之烟 卖家说:买的号不想玩了介意勿拍，大保底抽了30，号上还有40抽，新地图没咋肝，老地图还有一些资源。
87,35727655,130,官服,68,21,8,9,3228,0,10,4,14,34.17,1259.17,9.686,6鸣x3 5鸣x1 4鸣x2 3鸣x2 2鸣x1 1鸣x6 0鸣x5,1鸣x9,联觉等级:68 总黄数:21 五星角色数:8 五星武器数:9 1鸣绯雪，1鸣西格莉卡，1鸣安可，1鸣维里奈，0鸣千咲，0鸣仇远，0鸣守岸人，0鸣凌阳 6鸣散华，6鸣白芷，6鸣秧秧，5鸣渊武，4鸣卜灵，4鸣莫特斐，3鸣秋水，3鸣炽霞，2鸣灯灯，1鸣桃祈，1鸣丹瑾，0鸣釉瑚 1鸣灼霜，1鸣昭日译注，1鸣昙切，1鸣星序协响，1鸣血誓盟约，1鸣千古洑流，1鸣擎渊怒涛，1鸣漪澜浮录 卖家说:1+1绯雪 1+1西格莉卡 0+1千咲 声骸都刷毕业了 还有3200星声
88,35718066,108,官服,65,15,9,5,0,0,0,0,0,0.00,1045.00,9.676,2鸣x3 1鸣x1 0鸣x5,2鸣x2 1鸣x3,【MC120】65级/15黄/男主/10个五星角色/5个五星武器/WeGame已绑定/赞妮/卡提希娅/嘉贝莉娜/长离/维里奈/安可/卡卡罗/凌阳/鉴心/焰光裁定/光影双生/不屈命定之冠/血誓盟约/千古洑流/2鸣赞妮/2鸣安可/2鸣鉴心/1鸣卡提希娅/0鸣嘉贝莉娜/0鸣长离/0鸣维里奈/0鸣卡卡罗/0鸣凌阳/2鸣血誓盟约/2鸣千古洑流/1鸣焰光裁定/1鸣光影双生/1鸣不屈命定之冠
89,34532132,120,官服,80,24,8,8,0,0,0,0,0,0.00,1160.00,9.667,3鸣x1 2鸣x1 1鸣x2 0鸣x4,1鸣x8,80级/24黄/男主/8个五星角色/9个五星武器/未绑定/卡卡罗/相里要/菲比/维里奈/守岸人/洛可可/吟霖/忌炎/和光回唱/星序协响/掣傀之手/悲喜剧/诸方玄枢/停驻之烟/千古洑流/苍鳞千嶂/3鸣卡卡罗/2鸣相里要/1鸣菲比/1鸣维里奈/0鸣守岸人/0鸣洛可可/0鸣吟霖/0鸣忌炎/1鸣和光回唱/1鸣星序协响/1鸣掣傀之手/1鸣悲喜剧/1鸣诸方玄枢/1鸣停驻之烟/1鸣千古洑流/1鸣苍鳞千嶂
90,34541525,154,官服,78,30,12,8,0,0,0,0,0,0.00,1480.00,9.610,2鸣x1 1鸣x5 0鸣x6,4鸣x1 1鸣x7,【MC118】78级/30黄/女主/12个五星角色/8个五星武器/未绑定/卡卡罗/珂莱塔/今汐/维里奈/安可/凌阳/卡提希娅/千咲/相里要/折枝/露帕/鉴心/血誓盟约/漪澜浮录/死与舞/不屈命定之冠/千古洑流/昙切/时和岁稔/停驻之烟/2鸣卡卡罗/1鸣珂莱塔/1鸣今汐/1鸣维里奈/1鸣安可/1鸣凌阳/0鸣卡提希娅/0鸣千咲/0鸣相里要/0鸣折枝/0鸣露帕/0鸣鉴心/4鸣血誓盟约/1鸣漪澜浮录/1鸣死与舞/1鸣不屈命定之冠/1鸣千古洑流/1鸣昙切/1鸣时和岁稔/1鸣停驻之烟
91,35777377,130,官服,76,24,9,8,184,3,0,0,3,4.15,1244.15,9.570,6鸣x8 4鸣x1 2鸣x2 1鸣x3 0鸣x6,4鸣x1 1鸣x7,联觉等级:76 总黄数:24 五星角色数:9 五星武器数:8 2鸣维里奈，1鸣坎特蕾拉，1鸣卡卡罗，0鸣西格莉卡，0鸣千咲，0鸣尤诺，0鸣奥古斯塔，0鸣卡提希娅，0鸣安可 6鸣釉瑚，6鸣桃祈，6鸣渊武，6鸣莫特斐，6鸣丹瑾，6鸣炽霞，6鸣白芷，6鸣秧秧，4鸣秋水，2鸣散华，1鸣灯灯 4鸣血誓盟约，1鸣永远的启明星，1鸣昙切，1鸣万物持存的注释，1鸣驭冕铸雷之权，1鸣海的呢喃，1鸣千古洑流 卖家说:0+1奥古斯塔0+1优诺0+1千咲1+1坎特蕾拉00卡提希娅，回归号，还有大量任务资源
92,28777538,130,官服,80,25,9,8,0,0,0,0,0,0.00,1240.00,9.538,3鸣x1 2鸣x1 1鸣x2 0鸣x5,1鸣x8,"80级/25黄/男主/9个五星角色/9个五星武器
未绑定,珂莱塔,洛可可,椿,守岸人,今汐,维里奈,鉴心,卡卡罗,凌阳,血誓盟约,悲喜剧,死与舞,裁春,时和岁稔,浩境粼光,千古洑流,停驻之烟,3命维里奈,2命守岸人,1命卡卡罗,1命凌阳,0命珂莱塔,0命洛可可,0命椿,0命今汐,0命鉴心,精1血誓盟约,精1悲喜剧,精1死与舞,精1裁春,精1时和岁稔,精1浩境粼光,精1千古洑流,精1停驻之烟"
93,35457782,150,官服,66,25,13,6,1,0,0,0,0,0.01,1430.01,9.533,6鸣x7 5鸣x2 4鸣x1 3鸣x1 1鸣x3 0鸣x10,1鸣x6,联觉等级:66 总黄数:25 五星角色数:13 五星武器数:6 3鸣安可，1鸣鉴心，1鸣卡卡罗，1鸣维里奈，0鸣千咲，0鸣嘉贝莉娜，0鸣弗洛洛，0鸣珂莱塔，0鸣椿，0鸣守岸人，0鸣相里要，0鸣长离，0鸣今汐 6鸣桃祈，6鸣渊武，6鸣莫特斐，6鸣秋水，6鸣炽霞，6鸣白芷，6鸣秧秧，5鸣丹瑾，5鸣散华，4鸣釉瑚，0鸣灯灯 1鸣裁春，1鸣血誓盟约，1鸣浩境粼光，1鸣千古洑流，1鸣漪澜浮录
94,35327187,120,官服,62,16,10,5,349,1,0,6,7,9.18,1134.18,9.452,6鸣x1 4鸣x2 3鸣x2 2鸣x2 1鸣x2 0鸣x13,1鸣x5,联觉等级:62 总黄数:16 五星角色数:10 五星武器数:5 1鸣维里奈，0鸣绯雪，0鸣莫宁，0鸣弗洛洛，0鸣卡提希娅，0鸣相里要，0鸣长离，0鸣卡卡罗，0鸣安可，0鸣凌阳 6鸣莫特斐，4鸣炽霞，4鸣白芷，3鸣桃祈，3鸣秋水，2鸣散华，2鸣秧秧，1鸣渊武，0鸣卜灵，0鸣灯灯，0鸣釉瑚，0鸣丹瑾 1鸣灼霜，1鸣幽冥的忘忧章，1鸣血誓盟约，1鸣千古洑流，1鸣擎渊怒涛 卖家说:小毕业绯雪 0+1弗洛洛主线全做完  地图没肝 有大月卡
95,34989398,160,官服,63,26,13,7,76,0,0,0,0,0.47,1495.47,9.347,1鸣x4 0鸣x9,2鸣x1 1鸣x6,"男/女主: 女主 总黄数: 26 联觉等级: 63 星声数量: 76 拥有五星共鸣者: 鉴心,卡卡罗,安可,维里奈,凌阳,吟霖,今汐,长离,守岸人,椿,坎特蕾拉,夏空,卡提希娅 1鸣五星共鸣者: 1鸣卡卡罗,1鸣安可,1鸣维里奈,1鸣卡提希娅 0鸣五星共鸣者: 0鸣鉴心,0鸣凌阳,0鸣吟霖,0鸣今汐,0鸣长离,0鸣守岸人,0鸣椿,0鸣坎特蕾拉,0鸣夏空 拥有五星武器: 浩境粼光,千古洑流,漪澜浮录,裁春,血誓盟约,不屈命定之冠,灼霜 2鸣五星武器: 2鸣血誓盟约 1鸣五星武器: 1鸣浩境粼光,1鸣千古洑流,1鸣漪澜浮录,1鸣裁春,1鸣不屈命定之冠,1鸣灼霜 亮点: 【MC254】63级/26黄/女主/13个五星角色/8个五星武器/未绑定/卡提希娅/维里奈/安可/卡卡罗/今汐/守岸人/夏空/坎特蕾拉/长离/椿/吟霖/凌阳/鉴心/血誓盟约/不屈命定之冠/浩境粼光/漪澜浮录/裁春/千古洑流/灼霜/1鸣卡提希娅/1鸣维里奈/1鸣安可/1鸣卡卡罗/0鸣今汐/0鸣守岸人/0鸣夏空/0鸣坎特蕾拉/0鸣长离/0鸣椿/0鸣吟霖/0鸣凌阳/0鸣鉴心/2鸣血誓盟约/1鸣不屈命定之冠/1鸣浩境粼光/1鸣漪澜浮录/1鸣裁春/1鸣千古洑流/1鸣灼霜"
96,35867734,49,官服,41,6,4,2,74,0,0,0,0,0.46,450.46,9.193,3鸣x2 2鸣x1 1鸣x2 0鸣x8,1鸣x2,联觉等级:41 总黄数:6 五星角色数:4 五星武器数:2 0鸣长离，0鸣鉴心，0鸣卡卡罗，0鸣凌阳 3鸣散华，3鸣白芷，2鸣渊武，1鸣炽霞，1鸣秧秧，0鸣卜灵，0鸣灯灯，0鸣莫特斐，0鸣丹瑾 1鸣千古洑流
97,35196911,130,官服,60,23,10,6,98,0,0,0,0,0.61,1190.61,9.159,6鸣x6 5鸣x3 1鸣x7 0鸣x6,3鸣x1 1鸣x5,联觉等级:60 总黄数:23 五星角色数:10 五星武器数:6 1鸣卡提希娅，1鸣椿，1鸣吟霖，1鸣维里奈，1鸣凌阳，0鸣弗洛洛，0鸣洛可可，0鸣鉴心，0鸣卡卡罗，0鸣安可 6鸣釉瑚，6鸣桃祈，6鸣渊武，6鸣丹瑾，6鸣秋水，6鸣秧秧，5鸣散华，5鸣炽霞，5鸣白芷，1鸣灯灯，1鸣莫特斐，0鸣卜灵 3鸣血誓盟约，1鸣不屈命定之冠，1鸣裁春，1鸣掣傀之手，1鸣千古洑流，1鸣漪澜浮录 卖家说:退游出号
98,8978449,130,官服,70,20,10,6,0,0,0,0,0,0.00,1190.00,9.154,6鸣x8 4鸣x1 3鸣x1 1鸣x2 0鸣x9,1鸣x6,联觉等级:70 总黄数:20 星声数量:110 五星角色数:10 1鸣珂莱塔，1鸣维里奈，0鸣卡提希娅，0鸣菲比，0鸣洛可可，0鸣守岸人，0鸣折枝，0鸣鉴心，0鸣卡卡罗，0鸣安可 6鸣灯灯，6鸣桃祈，6鸣渊武，6鸣莫特斐，6鸣散华，6鸣炽霞，6鸣白芷，6鸣秧秧，4鸣釉瑚，3鸣丹瑾，0鸣秋水 五星武器数:8 1鸣死与舞，1鸣星序协响，1鸣血誓盟约，1鸣千古洑流，1鸣停驻之烟，1鸣漪澜浮录 叱妖诰 卖家说:.
99,34743735,142,官服,0,21,12,5,0,0,0,0,0,0.00,1285.00,9.049,2鸣x1 1鸣x1 0鸣x10,1鸣x5,官服【21金】【等级66】【五星角色】赞妮 忌炎 卡提希娅 守岸人 菲比 维里奈二命 卡卡罗 吟霖 坎特蕾拉 凌阳 千咲 鉴心一命【五星武器】 焰光裁定 苍鳞千嶂 血誓盟约 千古洑流 星序协响 鸣潮账号
100,35930811,126,官服,62,18,11,4,2,0,0,0,0,0.01,1140.01,9.048,1鸣x3 0鸣x8,1鸣x4,"62级/18黄/男主/11个五星角色/4个五星武器
未绑定,卡提希娅,千咲,今汐,珂莱塔,长离,忌炎,维里奈,卡卡罗,鉴心,安可,凌阳,昙切,血誓盟约,时和岁稔,千古洑流,1命卡卡罗,1命鉴心,1命安可,0命卡提希娅,0命千咲,0命今汐,0命珂莱塔,0命长离,0命忌炎,0命维里奈,0命凌阳,精1昙切,精1血誓盟约,精1时和岁稔,精1千古洑流"
101,34763859,150,哔哩哔哩,64,32,11,7,154,3,5,4,12,12.96,1347.96,8.986,6鸣x3 5鸣x1 4鸣x1 3鸣x3 2鸣x3 0鸣x12,5鸣x1 2鸣x1 1鸣x5,联觉等级:64 总黄数:32 2鸣维里奈，0鸣千咲，0鸣仇远，0鸣弗洛洛，0鸣坎特蕾拉，0鸣菲比，0鸣今汐，0鸣鉴心，0鸣卡卡罗，0鸣安可，0鸣凌阳 6鸣桃祈，6鸣渊武，6鸣炽霞，5鸣釉瑚，4鸣白芷，3鸣丹瑾，3鸣散华，3鸣秧秧，2鸣灯灯，2鸣莫特斐，0鸣卜灵，0鸣秋水 5鸣血誓盟约，2鸣昙切，1鸣幽冥的忘忧章，1鸣和光回唱，1鸣浩境粼光，1鸣千古洑流，1鸣漪澜浮录
102,35745137,150,官服,77,30,11,7,107,0,0,2,2,2.67,1337.67,8.918,6鸣x9 5鸣x2 2鸣x1 1鸣x1 0鸣x10,5鸣x1 1鸣x6,联觉等级:77 总黄数:30 五星角色数:11 五星武器数:7 5鸣卡卡罗，2鸣凌阳，1鸣安可，0鸣莫宁，0鸣千咲，0鸣尤诺，0鸣弗洛洛，0鸣卡提希娅，0鸣菲比，0鸣鉴心，0鸣维里奈 6鸣釉瑚，6鸣桃祈，6鸣渊武，6鸣莫特斐，6鸣丹瑾，6鸣秋水，6鸣散华，6鸣炽霞，6鸣白芷，5鸣秧秧，0鸣卜灵，0鸣灯灯 5鸣血誓盟约，1鸣宙算仪轨，1鸣昙切，1鸣万物持存的注释，1鸣不屈命定之冠，1鸣千古洑流，1鸣停驻之烟
103,34537260,135,官服,67,19,10,6,0,0,0,0,0,0.00,1190.00,8.815,1鸣x3 0鸣x7,1鸣x6,67级/19黄/男主/10个五星角色/6个五星武器/未绑定/维里奈/今汐/卡卡罗/椿/折枝/吟霖/忌炎/安可/相里要/珂莱塔/掣傀之手/裁春/时和岁稔/苍鳞千嶂/漪澜浮录/浩境粼光/1鸣维里奈/1鸣今汐/1鸣卡卡罗/0鸣椿/0鸣折枝/0鸣吟霖/0鸣忌炎/0鸣安可/0鸣相里要/0鸣珂莱塔/1鸣掣傀之手/1鸣裁春/1鸣时和岁稔/1鸣苍鳞千嶂/1鸣漪澜浮录/1鸣浩境粼光
104,32515163,80,官服,41,12,8,1,8,0,0,0,0,0.05,705.05,8.813,5鸣x2 4鸣x2 3鸣x4 2鸣x1 1鸣x3 0鸣x7,1鸣x1,联觉等级:41 总黄数:12 五星角色数:8 五星武器数:1 2鸣凌阳，1鸣安可，0鸣琳奈，0鸣相里要，0鸣今汐，0鸣忌炎，0鸣鉴心，0鸣卡卡罗 5鸣散华，5鸣炽霞，4鸣莫特斐，4鸣丹瑾，3鸣灯灯，3鸣渊武，3鸣秋水，3鸣白芷，1鸣桃祈，1鸣秧秧，0鸣釉瑚 1鸣血誓盟约 卖家说:鸣潮官服，个人闲置号，成品号
105,35914503,126,官服,61,18,9,6,44,0,0,0,0,0.28,1110.28,8.812,1鸣x3 0鸣x6,1鸣x6,"61级/18黄/男主/9个五星角色/6个五星武器
未绑定,卡提希娅,弗洛洛,琳奈,椿,守岸人,吟霖,卡卡罗,鉴心,安可,宙算仪轨,万物持存的注释,不屈命定之冠,血誓盟约,千古洑流,漪澜浮录,1命卡卡罗,1命鉴心,1命安可,0命卡提希娅,0命弗洛洛,0命琳奈,0命椿,0命守岸人,0命吟霖,精1宙算仪轨,精1万物持存的注释,精1不屈命定之冠,精1血誓盟约,精1千古洑流,精1漪澜浮录"
106,35272794,138,官服,61,22,10,6,799,0,7,11,18,22.99,1212.99,8.790,6鸣x2 4鸣x4 2鸣x3 1鸣x3 0鸣x10,5鸣x1 1鸣x5,联觉等级:61 总黄数:22 五星角色数:10 五星武器数:6 2鸣弗洛洛，0鸣琳奈，0鸣千咲，0鸣坎特蕾拉，0鸣菲比，0鸣守岸人，0鸣鉴心，0鸣安可，0鸣维里奈，0鸣凌阳 6鸣丹瑾，6鸣炽霞，4鸣渊武，4鸣莫特斐，4鸣白芷，4鸣秧秧，2鸣灯灯，2鸣秋水，1鸣卜灵，1鸣釉瑚，1鸣桃祈，0鸣散华 5鸣血誓盟约，1鸣昙切，1鸣幽冥的忘忧章，1鸣和光回唱，1鸣千古洑流，1鸣停驻之烟
107,30191264,160,官服,76,21,11,8,0,0,0,0,0,0.00,1400.00,8.750,6鸣x7 5鸣x1 3鸣x2 1鸣x3 0鸣x9,1鸣x8,联觉等级:76 总黄数:21 星声数量:95 浮金波纹数量:0 铸潮波纹数量:0 唤声涡纹数量:0 五星角色数:11 1鸣卡卡罗，1鸣维里奈，0鸣弗洛洛，0鸣赞妮，0鸣珂莱塔，0鸣相里要，0鸣折枝，0鸣长离，0鸣今汐，0鸣忌炎，0鸣凌阳 6鸣渊武，6鸣莫特斐，6鸣丹瑾，6鸣秋水，6鸣散华，6鸣炽霞，6鸣白芷，5鸣秧秧，3鸣灯灯，3鸣桃祈，1鸣釉瑚 五星武器数:8 1鸣幽冥的忘忧章，1鸣死与舞，1鸣赫奕流明，1鸣血誓盟约，1鸣浩境粼光，1鸣千古洑流，1鸣停驻之烟，1鸣漪澜浮录 叱妖诰 卖家说:0+1弗洛洛0+1长离0+1柯莱塔，龙凤队，珂折队，四星基本都满命
108,34837849,70,官服,51,11,5,3,51,0,7,6,13,13.32,608.32,8.690,6鸣x1 5鸣x1 2鸣x2 1鸣x8 0鸣x4,1鸣x3,联觉等级:51 总黄数:11 五星角色数:5 五星武器数:3 1鸣鉴心，1鸣维里奈，1鸣凌阳，0鸣仇远，0鸣守岸人 6鸣散华，5鸣白芷，2鸣秋水，2鸣秧秧，1鸣釉瑚，1鸣桃祈，1鸣渊武，1鸣莫特斐，1鸣炽霞，0鸣灯灯，0鸣丹瑾 1鸣星序协响，1鸣血誓盟约，1鸣千古洑流 卖家说:不玩了便宜卖了
109,35632501,150,官服,74,26,12,5,108,0,0,0,0,0.68,1285.67,8.571,6鸣x6 5鸣x4 4鸣x1 2鸣x1 1鸣x5 0鸣x7,5鸣x1 1鸣x4,联觉等级:74 总黄数:26 五星角色数:12 五星武器数:5 1鸣爱弥斯，1鸣鉴心，1鸣卡卡罗，1鸣安可，1鸣维里奈，0鸣绯雪，0鸣莫宁，0鸣千咲，0鸣尤诺，0鸣弗洛洛，0鸣坎特蕾拉，0鸣守岸人 6鸣釉瑚，6鸣莫特斐，6鸣丹瑾，6鸣散华，6鸣炽霞，6鸣白芷，5鸣桃祈，5鸣渊武，5鸣秋水，5鸣秧秧，4鸣卜灵，2鸣灯灯 5鸣血誓盟约，1鸣永远的启明星，1鸣脉冲协臂，1鸣千古洑流，1鸣漪澜浮录
110,35714532,80,官服,56,10,6,3,110,0,0,9,9,9.69,684.69,8.559,6鸣x3 2鸣x2 1鸣x4 0鸣x8,1鸣x3,联觉等级:56 总黄数:10 五星角色数:6 五星武器数:3 1鸣鉴心，0鸣仇远，0鸣嘉贝莉娜，0鸣弗洛洛，0鸣卡卡罗，0鸣维里奈 6鸣桃祈，6鸣丹瑾，6鸣散华，2鸣渊武，2鸣炽霞，1鸣秋水，1鸣白芷，1鸣秧秧，0鸣灯灯，0鸣釉瑚，0鸣莫特斐 1鸣光影双生，1鸣血誓盟约，1鸣千古洑流 卖家说:可刀
111,35124607,90,官服,31,10,8,2,16,0,0,0,0,0.10,770.10,8.557,4鸣x3 3鸣x1 1鸣x3 0鸣x12,1鸣x2,联觉等级:31 总黄数:10 五星角色数:8 五星武器数:2 0鸣西格莉卡，0鸣卡提希娅，0鸣菲比，0鸣椿，0鸣今汐，0鸣鉴心，0鸣维里奈，0鸣凌阳 4鸣丹瑾，4鸣炽霞，4鸣秧秧，3鸣散华，1鸣釉瑚，1鸣秋水，1鸣白芷，0鸣卜灵，0鸣灯灯，0鸣桃祈，0鸣莫特斐 1鸣血誓盟约，1鸣千古洑流
112,33682748,155,官服,75,28,10,8,338,0,4,0,4,6.11,1326.11,8.556,6鸣x10 2鸣x1 1鸣x4 0鸣x7,5鸣x1 1鸣x7,联觉等级:75 总黄数:28 五星角色数:10 五星武器数:8 2鸣鉴心，1鸣奥古斯塔，1鸣卡卡罗，1鸣维里奈，1鸣凌阳，0鸣爱弥斯，0鸣仇远，0鸣坎特蕾拉，0鸣守岸人，0鸣吟霖 6鸣釉瑚，6鸣桃祈，6鸣渊武，6鸣莫特斐，6鸣丹瑾，6鸣秋水，6鸣散华，6鸣炽霞，6鸣白芷，6鸣秧秧，0鸣卜灵，0鸣灯灯 5鸣血誓盟约，1鸣驭冕铸雷之权，1鸣海的呢喃，1鸣掣傀之手，1鸣千古洑流，1鸣停驻之烟，1鸣擎渊怒涛，1鸣漪澜浮录 卖家说:还可以
113,35916667,108,官服,52,20,8,4,1131,4,0,5,9,16.07,916.07,8.482,6鸣x2 5鸣x2 4鸣x2 3鸣x2 2鸣x1 1鸣x6 0鸣x5,5鸣x1 1鸣x3,联觉等级:52 总黄数:20 五星角色数:8 五星武器数:4 1鸣绯雪，1鸣安可，1鸣维里奈，1鸣凌阳，0鸣达妮娅，0鸣守岸人，0鸣鉴心，0鸣卡卡罗 6鸣渊武，6鸣白芷，5鸣灯灯，5鸣散华，4鸣秋水，4鸣秧秧，3鸣莫特斐，3鸣丹瑾，2鸣炽霞，1鸣釉瑚，1鸣桃祈，0鸣卜灵 5鸣血誓盟约，1鸣灼霜，1鸣玻色星仪，1鸣千古洑流 卖家说:上班没空肝
114,34536000,130,官服,64,18,8,7,0,0,0,0,0,0.00,1095.00,8.423,2鸣x1 0鸣x7,2鸣x1 1鸣x6,64级/18黄/女主/8个五星角色/7个五星武器/未绑定/安可/长离/珂莱塔/守岸人/相里要/维里奈/鉴心/卡卡罗/赫奕流明/星序协响/诸方玄枢/死与舞/千古洑流/漪澜浮录/停驻之烟/2鸣安可/0鸣长离/0鸣珂莱塔/0鸣守岸人/0鸣相里要/0鸣维里奈/0鸣鉴心/0鸣卡卡罗/2鸣赫奕流明/1鸣星序协响/1鸣诸方玄枢/1鸣死与舞/1鸣千古洑流/1鸣漪澜浮录/1鸣停驻之烟
115,34536735,130,官服,68,18,8,7,0,0,0,0,0,0.00,1095.00,8.423,2鸣x1 1鸣x1 0鸣x6,1鸣x7,68级/18黄/男主/8个五星角色/7个五星武器/未绑定/维里奈/鉴心/今汐/椿/长离/洛可可/赞妮/安可/漪澜浮录/血誓盟约/裁春/赫奕流明/千古洑流/时和岁稔/焰光裁定/2鸣维里奈/1鸣鉴心/0鸣今汐/0鸣椿/0鸣长离/0鸣洛可可/0鸣赞妮/0鸣安可/1鸣漪澜浮录/1鸣血誓盟约/1鸣裁春/1鸣赫奕流明/1鸣千古洑流/1鸣时和岁稔/1鸣焰光裁定
116,35112712,150,官服,80,19,9,8,1279,0,0,13,13,20.99,1260.99,8.407,6鸣x6 5鸣x3 4鸣x2 2鸣x1 1鸣x2 0鸣x7,1鸣x8,联觉等级:80 总黄数:19 五星角色数:9 五星武器数:8 1鸣鉴心，1鸣维里奈，0鸣绯雪，0鸣爱弥斯，0鸣千咲，0鸣弗洛洛，0鸣卡提希娅，0鸣卡卡罗，0鸣凌阳 6鸣釉瑚，6鸣桃祈，6鸣渊武，6鸣秋水，6鸣炽霞，6鸣白芷，5鸣灯灯，5鸣丹瑾，5鸣秧秧，4鸣卜灵，4鸣散华，2鸣莫特斐 1鸣灼霜，1鸣永远的启明星，1鸣昙切，1鸣不屈命定之冠，1鸣血誓盟约，1鸣千古洑流，1鸣漪澜浮录 卖家说:资源还超多，爱弥斯专武直接十连双金出俩
117,35732068,150,官服,65,21,10,7,136,0,0,0,0,0.85,1255.85,8.372,6鸣x5 5鸣x1 4鸣x2 3鸣x1 2鸣x2 1鸣x3 0鸣x8,1鸣x7,"联觉等级:65 总黄数:21 五星角色数:10 五星武器数:7 2鸣维里奈，1鸣莫宁，1鸣鉴心，0鸣达妮娅，0鸣爱弥斯，0鸣尤诺，0鸣奥古斯塔，0鸣卡卡罗，0鸣安可，0鸣凌阳 6鸣卜灵，6鸣丹瑾，6鸣散华，6鸣炽霞，6鸣秧秧，5鸣白芷，4鸣桃祈，4鸣莫特斐，3鸣秋水，2鸣渊武，1鸣釉瑚，0鸣灯灯 1鸣永远的启明星，1鸣万物持存的注释，1鸣驭冕铸雷之权，1鸣血誓盟约，1鸣浩境粼光，1鸣千古洑流，1鸣擎渊怒涛 卖家说:日月配队都带专武
小爱带专和一链莫宁"
118,8107387,150,官服,72,20,10,7,0,0,0,0,0,0.00,1255.00,8.367,2鸣x1 1鸣x1 0鸣x8,1鸣x7,"72级/20黄/男主/10个五星角色/7个五星武器
未绑定,今汐,吟霖,忌炎,维里奈,卡卡罗,鉴心,凌阳,相里要,椿,折枝,掣傀之手,苍鳞千嶂,千古洑流,浩境粼光,裁春,诸方玄枢,琼枝冰绡,2命维里奈,1命卡卡罗,0命今汐,0命吟霖,0命忌炎,0命鉴心,0命凌阳,0命相里要,0命椿,0命折枝,精1掣傀之手,精1苍鳞千嶂,精1千古洑流,精1浩境粼光,精1裁春,精1诸方玄枢,精1琼枝冰绡"
119,34848699,140,官服,71,23,12,3,213,0,0,0,0,1.33,1156.33,8.260,3鸣x1 2鸣x1 1鸣x2 0鸣x8,2鸣x1 1鸣x2,"男/女主: 女主 总黄数: 23 联觉等级: 71 星声数量: 213 拥有五星共鸣者: 忌炎,鉴心,卡卡罗,维里奈,凌阳,吟霖,今汐,椿,赞妮,卡提希娅,奥古斯塔,尤诺 3鸣五星共鸣者: 3鸣凌阳 2鸣五星共鸣者: 2鸣维里奈 1鸣五星共鸣者: 1鸣鉴心,1鸣椿 0鸣五星共鸣者: 0鸣忌炎,0鸣卡卡罗,0鸣吟霖,0鸣今汐,0鸣赞妮,0鸣卡提希娅,0鸣奥古斯塔,0鸣尤诺 拥有五星武器: 漪澜浮录,裁春,焰光裁定 2鸣五星武器: 2鸣裁春 1鸣五星武器: 1鸣漪澜浮录,1鸣焰光裁定 亮点: 【MC173】71级/23黄/女主/12个五星角色/3个五星武器/未绑定/凌阳/维里奈/椿/鉴心/尤诺/奥古斯塔/今汐/吟霖/忌炎/赞妮/卡提希娅/卡卡罗/裁春/焰光裁定/漪澜浮录/3鸣凌阳/2鸣维里奈/1鸣椿/1鸣鉴心/0鸣尤诺/0鸣奥古斯塔/0鸣今汐/0鸣吟霖/0鸣忌炎/0鸣赞妮/0鸣卡提希娅/0鸣卡卡罗/2鸣裁春/1鸣焰光裁定/1鸣漪澜浮录"
120,35619888,127,官服,65,15,9,5,0,0,0,0,0,0.00,1045.00,8.228,2鸣x3 1鸣x1 0鸣x5,2鸣x2 1鸣x3,"65级/15黄/男主/10个五星角色/5个五星武器
Wegame已绑定,赞妮,卡提希娅,嘉贝莉娜,长离,维里奈,卡卡罗,鉴心,安可,凌阳,光影双生,不屈命定之冠,焰光裁定,血誓盟约,千古洑流,2命赞妮,2命鉴心,2命安可,1命卡提希娅,0命嘉贝莉娜,0命长离,0命维里奈,0命卡卡罗,0命凌阳,精2血誓盟约,精2千古洑流,精1光影双生,精1不屈命定之冠,精1焰光裁定"
121,34738585,129,官服,0,18,10,4,0,0,0,0,0,0.00,1060.00,8.217,2鸣x1 1鸣x2 0鸣x7,1鸣x4,官服【18金】【等级60】【五星角色】 2命维里奈 1命吟霖 今汐 长离 忌炎 1命凌阳 卡卡罗 鉴心 折枝 相里要 【五星武器】 掣傀之手 时和岁稔 苍鳞千嶂 擎渊怒涛 鸣潮账号
122,35231183,120,官服,70,25,6,7,1543,0,0,41,41,50.64,985.64,8.214,6鸣x8 4鸣x1 3鸣x2 2鸣x2 1鸣x2 0鸣x3,5鸣x1 1鸣x6,联觉等级:70 总黄数:25 五星角色数:6 五星武器数:7 3鸣鉴心，3鸣维里奈，2鸣绯雪，0鸣琳奈，0鸣守岸人，0鸣凌阳 6鸣渊武，6鸣莫特斐，6鸣丹瑾，6鸣秋水，6鸣散华，6鸣炽霞，6鸣白芷，6鸣秧秧，4鸣卜灵，2鸣桃祈，1鸣灯灯，1鸣釉瑚 5鸣血誓盟约，1鸣灼霜，1鸣溢彩荧辉，1鸣星序协响，1鸣千古洑流，1鸣停驻之烟，1鸣漪澜浮录 卖家说:玩了两个月，不想玩了。
123,34536809,140,官服,76,20,7,9,0,0,0,0,0,0.00,1145.00,8.179,1鸣x3 0鸣x4,1鸣x9,76级/20黄/男主/7个五星角色/10个五星武器/未绑定/赞妮/珂莱塔/卡卡罗/今汐/坎特蕾拉/鉴心/夏空/焰光裁定/死与舞/千古洑流/时和岁稔/血誓盟约/海的呢喃/停驻之烟/浩境粼光/擎渊怒涛/1鸣赞妮/1鸣珂莱塔/1鸣卡卡罗/0鸣今汐/0鸣坎特蕾拉/0鸣鉴心/0鸣夏空/1鸣焰光裁定/1鸣死与舞/1鸣千古洑流/1鸣时和岁稔/1鸣血誓盟约/1鸣海的呢喃/1鸣停驻之烟/1鸣浩境粼光/1鸣擎渊怒涛
124,35017467,100,官服,66,15,6,5,154,0,0,0,0,0.96,805.96,8.060,6鸣x4 5鸣x2 4鸣x1 3鸣x2 2鸣x3 1鸣x1 0鸣x4,1鸣x5,联觉等级:66 总黄数:15 五星角色数:6 五星武器数:5 2鸣菲比，2鸣维里奈，0鸣绯雪，0鸣椿，0鸣折枝，0鸣安可 6鸣渊武，6鸣散华，6鸣炽霞，6鸣秧秧，5鸣灯灯，5鸣秋水，4鸣莫特斐，3鸣桃祈，3鸣白芷，2鸣釉瑚，1鸣丹瑾 1鸣和光回唱，1鸣血誓盟约，1鸣千古洑流，1鸣停驻之烟
125,35635011,120,官服,59,16,8,5,78,0,0,0,0,0.49,965.49,8.046,6鸣x6 5鸣x3 4鸣x2 2鸣x1 1鸣x1 0鸣x7,1鸣x5,联觉等级:59 总黄数:16 五星角色数:8 五星武器数:5 2鸣珂莱塔，1鸣卡卡罗，0鸣仇远，0鸣嘉贝莉娜，0鸣卡提希娅，0鸣夏空，0鸣折枝，0鸣维里奈 6鸣桃祈，6鸣渊武，6鸣丹瑾，6鸣秋水，6鸣白芷，6鸣秧秧，5鸣灯灯，5鸣莫特斐，5鸣散华，4鸣釉瑚，4鸣炽霞，0鸣卜灵 1鸣光影双生，1鸣不屈命定之冠，1鸣死与舞，1鸣血誓盟约，1鸣千古洑流
126,35774081,110,官服,68,15,6,6,34,0,0,7,7,7.21,877.21,7.975,6鸣x5 5鸣x2 4鸣x1 3鸣x1 2鸣x2 1鸣x3 0鸣x4,1鸣x6,联觉等级:68 总黄数:15 五星角色数:6 五星武器数:6 2鸣绯雪，1鸣维里奈，0鸣尤诺，0鸣弗洛洛，0鸣卡卡罗，0鸣凌阳 6鸣渊武，6鸣秋水，6鸣散华，6鸣白芷，6鸣秧秧，5鸣丹瑾，5鸣炽霞，4鸣卜灵，3鸣釉瑚，2鸣桃祈，1鸣灯灯，1鸣莫特斐 1鸣灼霜，1鸣脉冲协臂，1鸣幽冥的忘忧章，1鸣血誓盟约，1鸣停驻之烟，1鸣漪澜浮录 卖家说:自玩号 不会封
127,34541240,160,官服,62,21,11,6,0,0,0,0,0,0.00,1270.00,7.938,1鸣x3 0鸣x8,1鸣x6,【MC136】62级/21黄/女主/12个五星角色/6个五星武器/未绑定/维里奈/安可/凌阳/卡提希娅/夏空/守岸人/菲比/珂莱塔/吟霖/相里要/西格莉卡/卡卡罗/不屈命定之冠/和光回唱/死与舞/千古洑流/星序协响/血誓盟约/1鸣维里奈/1鸣安可/1鸣凌阳/0鸣卡提希娅/0鸣夏空/0鸣守岸人/0鸣菲比/0鸣珂莱塔/0鸣吟霖/0鸣相里要/0命西格莉卡/0鸣卡卡罗/1鸣不屈命定之冠/1鸣和光回唱/1鸣死与舞/1鸣千古洑流/1鸣星序协响/1鸣血誓盟约
128,34535903,130,官服,70,19,8,6,0,0,0,0,0,0.00,1030.00,7.923,1鸣x5 0鸣x3,1鸣x6,70级/19黄/女主/8个五星角色/6个五星武器/未绑定/长离/安可/折枝/维里奈/卡卡罗/守岸人/椿/相里要/星序协响/琼枝冰绡/诸方玄枢/裁春/赫奕流明/停驻之烟/1鸣长离/1鸣安可/1鸣折枝/1鸣维里奈/1鸣卡卡罗/0鸣守岸人/0鸣椿/0鸣相里要/1鸣星序协响/1鸣琼枝冰绡/1鸣诸方玄枢/1鸣裁春/1鸣赫奕流明/1鸣停驻之烟
129,34348916,110,官服,37,17,10,1,38,0,0,0,0,0.24,865.24,7.866,6鸣x2 5鸣x2 3鸣x3 2鸣x3 1鸣x3 0鸣x9,1鸣x1,联觉等级:37 总黄数:17 2鸣鉴心，1鸣安可，1鸣维里奈，0鸣仇远，0鸣卡提希娅，0鸣夏空，0鸣珂莱塔，0鸣忌炎，0鸣卡卡罗，0鸣凌阳 6鸣散华，6鸣炽霞，5鸣白芷，5鸣秧秧，3鸣釉瑚，3鸣莫特斐，3鸣秋水，2鸣渊武，2鸣丹瑾，1鸣桃祈，0鸣卜灵，0鸣灯灯 1鸣焰光裁定
130,33942214,60,官服,46,16,5,1,1004,0,0,0,0,6.28,471.27,7.855,6鸣x1 4鸣x1 2鸣x3 1鸣x7 0鸣x4,1鸣x1,联觉等级:46 总黄数:16 2鸣卡卡罗，1鸣维里奈，0鸣西格莉卡，0鸣仇远，0鸣鉴心 6鸣秧秧，4鸣卜灵，2鸣釉瑚，2鸣散华，1鸣渊武，1鸣莫特斐，1鸣丹瑾，1鸣秋水，1鸣炽霞，1鸣白芷，0鸣桃祈 1鸣血誓盟约
131,31805513,80,官服,52,16,5,3,4094,2,0,3,5,30.59,625.59,7.820,6鸣x4 5鸣x1 3鸣x2 2鸣x4 1鸣x2 0鸣x4,4鸣x1 1鸣x2,联觉等级:52 总黄数:16 五星角色数:5 五星武器数:3 3鸣菲比，2鸣维里奈，0鸣莫宁，0鸣守岸人，0鸣安可 6鸣桃祈，6鸣渊武，6鸣秋水，6鸣白芷，5鸣炽霞，3鸣莫特斐，2鸣灯灯，2鸣散华，2鸣秧秧，1鸣卜灵，1鸣釉瑚，0鸣丹瑾 4鸣血誓盟约，1鸣玻色星仪，1鸣和光回唱 卖家说:三链菲比 有专武0链莫宁和守岸人 4094星声 2抽限定 已垫17抽
132,35889640,100,官服,57,13,5,5,7665,0,0,5,5,52.91,777.91,7.779,6鸣x1 5鸣x1 4鸣x1 3鸣x2 2鸣x3 1鸣x4 0鸣x5,3鸣x1 1鸣x4,联觉等级:57 总黄数:13 五星角色数:5 五星武器数:5 1鸣卡卡罗，0鸣绯雪，0鸣琳奈，0鸣千咲，0鸣安可 6鸣渊武，5鸣秧秧，4鸣白芷，3鸣秋水，3鸣散华，2鸣桃祈，2鸣丹瑾，2鸣炽霞，1鸣卜灵，1鸣灯灯，1鸣莫特斐，0鸣釉瑚 3鸣血誓盟约，1鸣灼霜，1鸣镭射切变，1鸣昙切，1鸣停驻之烟 卖家说:wegame不能换绑，
133,35338519,115,官服,73,24,7,5,27,0,0,1,1,1.17,886.17,7.706,6鸣x8 5鸣x2 4鸣x2 3鸣x2 1鸣x1 0鸣x4,4鸣x1 1鸣x4,联觉等级:73 总黄数:24 五星角色数:7 五星武器数:5 5鸣弗洛洛，3鸣维里奈，1鸣卡卡罗，0鸣绯雪，0鸣仇远，0鸣鉴心，0鸣凌阳 6鸣灯灯，6鸣釉瑚，6鸣桃祈，6鸣渊武，6鸣丹瑾，6鸣秋水，6鸣炽霞，6鸣秧秧，5鸣散华，4鸣莫特斐，4鸣白芷，3鸣卜灵 4鸣血誓盟约，1鸣灼霜，1鸣幽冥的忘忧章，1鸣千古洑流
134,32130064,150,官服,59,20,11,4,903,0,0,3,3,8.64,1148.64,7.658,6鸣x5 5鸣x3 4鸣x1 3鸣x2 2鸣x1 1鸣x2 0鸣x9,1鸣x4,联觉等级:59 总黄数:20 五星角色数:11 五星武器数:4 3鸣维里奈，1鸣鉴心，1鸣卡卡罗，0鸣千咲，0鸣卡提希娅，0鸣赞妮，0鸣坎特蕾拉，0鸣守岸人，0鸣相里要，0鸣今汐，0鸣凌阳 6鸣桃祈，6鸣秋水，6鸣炽霞，6鸣白芷，6鸣秧秧，5鸣渊武，5鸣丹瑾，5鸣散华，4鸣灯灯，3鸣釉瑚，2鸣莫特斐，0鸣卜灵 1鸣不屈命定之冠，1鸣星序协响，1鸣血誓盟约，1鸣漪澜浮录
135,35015596,80,官服,43,11,5,3,1165,0,4,4,8,15.28,610.28,7.629,6鸣x1 4鸣x3 3鸣x3 1鸣x4 0鸣x3,2鸣x1 1鸣x2,联觉等级:43 总黄数:11 五星角色数:5 五星武器数:3 1鸣卡提希娅，1鸣维里奈，0鸣莫宁，0鸣安可，0鸣凌阳 6鸣秋水，4鸣灯灯，4鸣散华，4鸣炽霞，3鸣丹瑾，3鸣白芷，3鸣秧秧，1鸣桃祈，1鸣渊武 2鸣血誓盟约，1鸣不屈命定之冠，1鸣千古洑流
136,35960434,100,官服,50,19,7,3,90,0,0,4,4,4.56,759.56,7.596,6鸣x1 3鸣x2 1鸣x3 0鸣x12,1鸣x3,联觉等级:50 总黄数:19 五星角色数:7 五星武器数:3 3鸣弗洛洛，3鸣维里奈，1鸣鉴心，1鸣卡卡罗，1鸣凌阳，0鸣千咲，0鸣守岸人 6鸣秧秧，0鸣卜灵，0鸣灯灯，0鸣釉瑚，0鸣桃祈，0鸣渊武，0鸣丹瑾，0鸣秋水，0鸣散华，0鸣炽霞，0鸣白芷 1鸣幽冥的忘忧章，1鸣星序协响，1鸣血誓盟约
137,34592262,150,官服,66,17,10,5,611,1,0,1,2,5.82,1130.82,7.539,6鸣x5 5鸣x1 4鸣x2 2鸣x3 0鸣x10,1鸣x5,联觉等级:66 总黄数:17 五星角色数:10 五星武器数:5 2鸣卡卡罗，0鸣嘉贝莉娜，0鸣椿，0鸣长离，0鸣今汐，0鸣吟霖，0鸣忌炎，0鸣鉴心，0鸣维里奈，0鸣凌阳 6鸣桃祈，6鸣渊武，6鸣丹瑾，6鸣秋水，6鸣白芷，5鸣秧秧，4鸣莫特斐，4鸣散华，2鸣釉瑚，2鸣炽霞，0鸣灯灯 1鸣掣傀之手，1鸣苍鳞千嶂，1鸣千古洑流，1鸣停驻之烟，1鸣擎渊怒涛
138,35416733,158,官服,61,21,10,6,0,0,0,0,0,0.00,1190.00,7.532,6鸣x7 5鸣x1 4鸣x1 3鸣x1 1鸣x1 0鸣x9,4鸣x1 1鸣x5,"【鸣潮】冒险等级：61，男主，五星数量：17，五星角色:维里奈 * 1命,安可,鉴心,凌阳,坎特蕾拉,露帕,卡提希娅,弗洛洛,千咲,绯雪__五星武器:血誓盟约 * 4精,停驻之烟,浩境粼光,千古洑流,千古洑流,不屈命定之冠,幽冥的忘忧章__四星角色:白芷 * 6命,秧秧 * 6命,渊武 * 6命,炽霞 * 6命,散华 * 6命,丹瑾 * 6命,釉瑚 * 6命,莫特斐 * 5命,秋水 * 4命,桃祈 * 3命 1"
139,34009013,140,官服,79,33,8,6,523,4,0,16,20,23.27,1053.27,7.523,6鸣x7 5鸣x1 4鸣x1 3鸣x3 2鸣x2 1鸣x2 0鸣x3,5鸣x1 1鸣x5,联觉等级:79 总黄数:33 3鸣鉴心，2鸣千咲，2鸣珂莱塔，1鸣卡卡罗，1鸣安可，0鸣莫宁，0鸣卡提希娅，0鸣守岸人 6鸣釉瑚，6鸣桃祈，6鸣渊武，6鸣丹瑾，6鸣秋水，6鸣炽霞，6鸣白芷，5鸣秧秧，4鸣莫特斐，3鸣灯灯，3鸣散华 5鸣血誓盟约，1鸣镭射切变，1鸣昙切，1鸣不屈命定之冠，1鸣死与舞，1鸣千古洑流 卖家说:手机太差玩不了了
140,34384632,150,官服,57,17,10,5,129,0,0,0,0,0.81,1125.81,7.505,6鸣x2 4鸣x1 3鸣x1 2鸣x1 1鸣x7 0鸣x10,1鸣x5,联觉等级:57 总黄数:17 五星角色数:10 五星武器数:5 1鸣珂莱塔，1鸣维里奈，0鸣绯雪，0鸣莫宁，0鸣仇远，0鸣卡提希娅，0鸣坎特蕾拉，0鸣鉴心，0鸣卡卡罗，0鸣凌阳 6鸣散华，6鸣炽霞，4鸣秧秧，3鸣白芷，2鸣莫特斐，1鸣灯灯，1鸣釉瑚，1鸣桃祈，1鸣渊武，1鸣秋水，0鸣卜灵，0鸣丹瑾 1鸣灼霜，1鸣镭射切变，1鸣血誓盟约，1鸣千古洑流，1鸣停驻之烟 卖家说:不想玩了，可以议价练度还可以
141,35938765,100,官服,63,13,4,6,561,11,4,22,37,40.51,750.51,7.505,6鸣x2 4鸣x1 3鸣x1 2鸣x3 1鸣x2 0鸣x5,1鸣x6,联觉等级:63 总黄数:13 五星角色数:4 五星武器数:6 2鸣绯雪，1鸣卡卡罗，0鸣爱弥斯，0鸣鉴心 6鸣秋水，6鸣白芷，4鸣渊武，3鸣散华，2鸣灯灯，2鸣桃祈，1鸣炽霞，0鸣釉瑚，0鸣丹瑾，0鸣秧秧 1鸣灼霜，1鸣永远的启明星，1鸣血誓盟约，1鸣千古洑流，1鸣停驻之烟
142,35938493,130,官服,53,14,8,5,39,0,0,10,10,10.24,975.24,7.502,6鸣x1 5鸣x2 4鸣x2 3鸣x2 2鸣x2 1鸣x4 0鸣x7,1鸣x5,联觉等级:53 总黄数:14 五星角色数:8 五星武器数:5 1鸣卡卡罗，0鸣绯雪，0鸣卡提希娅，0鸣赞妮，0鸣菲比，0鸣鉴心，0鸣维里奈，0鸣凌阳 6鸣白芷，5鸣桃祈，5鸣秋水，4鸣釉瑚，4鸣渊武，3鸣散华，3鸣炽霞，2鸣丹瑾，2鸣秧秧，1鸣卜灵，1鸣灯灯，1鸣莫特斐 1鸣灼霜，1鸣不屈命定之冠，1鸣血誓盟约，1鸣擎渊怒涛，1鸣漪澜浮录 卖家说:资源多，可换
143,34917108,130,官服,58,17,8,5,167,7,1,1,9,10.04,975.04,7.500,6鸣x4 5鸣x1 4鸣x3 3鸣x2 2鸣x1 1鸣x2 0鸣x6,1鸣x5,联觉等级:58 总黄数:17 五星角色数:8 五星武器数:5 3鸣维里奈，1鸣椿，0鸣绯雪，0鸣卡提希娅，0鸣赞妮，0鸣洛可可，0鸣今汐，0鸣凌阳 6鸣渊武，6鸣散华，6鸣白芷，6鸣秧秧，5鸣丹瑾，4鸣桃祈，4鸣莫特斐，4鸣秋水，3鸣炽霞，2鸣釉瑚，1鸣灯灯 1鸣灼霜，1鸣时和岁稔，1鸣血誓盟约，1鸣千古洑流，1鸣擎渊怒涛
144,34807219,110,官服,55,14,6,5,599,2,7,2,11,14.74,819.74,7.452,6鸣x1 4鸣x3 3鸣x1 2鸣x5 1鸣x1 0鸣x7,3鸣x1 1鸣x4,联觉等级:55 总黄数:14 五星角色数:6 五星武器数:5 1鸣鉴心，0鸣西格莉卡，0鸣嘉贝莉娜，0鸣守岸人，0鸣卡卡罗，0鸣凌阳 6鸣散华，4鸣灯灯，4鸣渊武，4鸣秧秧，3鸣釉瑚，2鸣桃祈，2鸣莫特斐，2鸣丹瑾，2鸣炽霞，2鸣白芷，0鸣卜灵，0鸣秋水 3鸣血誓盟约，1鸣昭日译注，1鸣镭射切变，1鸣光影双生，1鸣星序协响
145,35391598,80,官服,49,11,5,3,137,0,0,0,0,0.86,595.86,7.448,6鸣x1 5鸣x1 2鸣x4 1鸣x2 0鸣x6,3鸣x1 1鸣x2,联觉等级:49 总黄数:11 五星角色数:5 五星武器数:3 1鸣维里奈，0鸣达妮娅，0鸣西格莉卡，0鸣卡卡罗，0鸣凌阳 6鸣散华，5鸣秧秧，2鸣卜灵，2鸣桃祈，2鸣炽霞，2鸣白芷，1鸣莫特斐，0鸣渊武，0鸣秋水 3鸣血誓盟约，1鸣昭日译注，1鸣千古洑流 卖家说:地图资源丰富
146,34756321,150,官服,79,26,8,7,1421,3,0,3,6,14.88,1109.88,7.399,6鸣x6 5鸣x1 4鸣x1 3鸣x3 2鸣x2 1鸣x3 0鸣x4,3鸣x1 1鸣x6,联觉等级:79 总黄数:26 五星角色数:8 五星武器数:7 6鸣嘉贝莉娜，1鸣鉴心，1鸣安可，1鸣维里奈，0鸣莫宁，0鸣琳奈，0鸣仇远，0鸣卡提希娅 6鸣灯灯，6鸣莫特斐，6鸣散华，6鸣白芷，6鸣秧秧，5鸣炽霞，4鸣渊武，3鸣卜灵，3鸣釉瑚，3鸣秋水，2鸣桃祈，2鸣丹瑾 3鸣相位涟漪，1鸣宙算仪轨，1鸣光影双生，1鸣不屈命定之冠，1鸣血誓盟约，1鸣千古洑流，1鸣停驻之烟 卖家说:6+1嘉贝利娜，半手工号
147,34222350,95,官服,45,13,7,2,153,0,7,3,10,10.96,700.96,7.378,6鸣x3 4鸣x1 3鸣x3 2鸣x3 1鸣x2 0鸣x6,1鸣x2,联觉等级:45 总黄数:13 1鸣卡提希娅，1鸣维里奈，0鸣夏空，0鸣椿，0鸣鉴心，0鸣卡卡罗，0鸣凌阳 6鸣秋水，6鸣白芷，6鸣秧秧，4鸣釉瑚，3鸣灯灯，3鸣桃祈，3鸣莫特斐，2鸣渊武，2鸣散华，2鸣炽霞，0鸣丹瑾 1鸣不屈命定之冠，1鸣血誓盟约
148,30630667,70,官服,53,8,4,3,0,0,0,0,0,0.00,515.00,7.357,6鸣x1 4鸣x1 2鸣x4 1鸣x1 0鸣x7,1鸣x3,联觉等级:53 总黄数:8 星声数量:535 浮金波纹数量:0 铸潮波纹数量:0 唤声涡纹数量:0 五星角色数:4 1鸣安可，0鸣卡提希娅，0鸣夏空，0鸣维里奈 6鸣釉瑚，4鸣秧秧，2鸣丹瑾，2鸣散华，2鸣炽霞，2鸣白芷，0鸣卜灵，0鸣灯灯，0鸣桃祈，0鸣渊武 五星武器数:3 1鸣血誓盟约，1鸣千古洑流，1鸣停驻之烟
149,35908973,158,官服,60,24,8,8,0,0,0,0,0,0.00,1160.00,7.342,6鸣x5 5鸣x2 4鸣x1 2鸣x3 1鸣x1 0鸣x6,5鸣x1 1鸣x7,"【鸣潮】冒险等级：60，女主，五星数量：17，五星角色:安可 * 2命,卡卡罗 * 1命,守岸人,夏空,卡提希娅,千咲,爱弥斯,达妮娅__五星武器:血誓盟约 * 5精,擎渊怒涛,星序协响,林间的咏叹调,不屈命定之冠,相位涟漪,相位涟漪,玻色星仪,镭射切变__四星角色:白芷 * 6命,秧秧 * 6命,秋水 * 6命,桃祈 * 6命,釉瑚 * 6命,莫特斐 * 5命,丹瑾 * 5命,炽霞 * 4命,渊武 * 2命,散华 * 2命"
150,33874314,150,官服,60,25,8,5,17677,2,0,0,2,112.48,1077.48,7.183,6鸣x2 5鸣x1 4鸣x2 3鸣x2 1鸣x3 0鸣x9,4鸣x1 1鸣x4,联觉等级:60 总黄数:25 1鸣安可，1鸣维里奈，0鸣琳奈，0鸣赞妮，0鸣菲比，0鸣守岸人，0鸣鉴心，0鸣凌阳 6鸣丹瑾，6鸣散华，5鸣莫特斐，4鸣白芷，4鸣秧秧，3鸣桃祈，3鸣炽霞，1鸣釉瑚，0鸣卜灵，0鸣灯灯，0鸣渊武 4鸣血誓盟约，1鸣溢彩荧辉，1鸣焰光裁定，1鸣星序协响，1鸣千古洑流
151,35174147,136,官服,56,23,8,5,38,0,7,0,7,7.24,972.24,7.149,6鸣x4 5鸣x1 4鸣x1 3鸣x2 1鸣x4 0鸣x8,5鸣x1 1鸣x4,联觉等级:56 总黄数:23 五星角色数:8 五星武器数:5 5鸣千咲，1鸣维里奈，0鸣爱弥斯，0鸣琳奈，0鸣鉴心，0鸣卡卡罗，0鸣安可，0鸣凌阳 6鸣桃祈，6鸣渊武，6鸣莫特斐，6鸣秋水，4鸣散华，3鸣白芷，3鸣秧秧，1鸣卜灵，1鸣釉瑚，1鸣炽霞，0鸣灯灯，0鸣丹瑾 5鸣血誓盟约，1鸣永远的启明星，1鸣昙切，1鸣千古洑流
152,35604068,120,官服,66,22,6,5,40,26,14,6,46,46.25,851.25,7.094,6鸣x1 1鸣x5 0鸣x10,4鸣x1 1鸣x4,联觉等级:66 总黄数:22 五星角色数:6 五星武器数:5 6鸣千咲，1鸣鉴心，1鸣维里奈，0鸣卡提希娅，0鸣卡卡罗，0鸣安可 1鸣莫特斐，1鸣炽霞，1鸣白芷，0鸣灯灯，0鸣桃祈，0鸣渊武，0鸣丹瑾，0鸣秋水，0鸣散华，0鸣秧秧 4鸣血誓盟约，1鸣镭射切变，1鸣昙切，1鸣浩境粼光，1鸣千古洑流 卖家说:有100来天了，不被封，看up就知道了
153,34057745,100,官服,48,12,8,1,18,0,0,0,0,0.11,705.11,7.051,5鸣x1 4鸣x1 3鸣x2 2鸣x5 0鸣x9,1鸣x1,联觉等级:48 总黄数:12 0鸣卡提希娅，0鸣椿，0鸣今汐，0鸣鉴心，0鸣卡卡罗，0鸣安可，0鸣维里奈，0鸣凌阳 5鸣秧秧，4鸣丹瑾，3鸣渊武，3鸣散华，2鸣桃祈，2鸣莫特斐，2鸣秋水，2鸣炽霞，2鸣白芷，0鸣釉瑚 1鸣血誓盟约
154,35908018,150,官服,72,22,8,5,8656,15,10,10,35,89.10,1054.10,7.027,6鸣x6 5鸣x2 2鸣x2 1鸣x3 0鸣x5,5鸣x1 1鸣x4,联觉等级:72 总黄数:22 五星角色数:8 五星武器数:5 2鸣卡卡罗，2鸣凌阳，1鸣爱弥斯，0鸣绯雪，0鸣千咲，0鸣卡提希娅，0鸣鉴心，0鸣维里奈 6鸣釉瑚，6鸣渊武，6鸣莫特斐，6鸣秋水，6鸣白芷，6鸣秧秧，5鸣桃祈，5鸣炽霞，1鸣灯灯，1鸣散华 5鸣血誓盟约，1鸣灼霜，1鸣永远的启明星，1鸣不屈命定之冠，1鸣千古洑流
155,35077993,150,官服,54,20,9,5,210,0,0,0,0,1.31,1046.31,6.975,6鸣x4 4鸣x2 3鸣x2 2鸣x2 1鸣x4 0鸣x6,1鸣x5,联觉等级:54 总黄数:20 五星角色数:9 五星武器数:5 2鸣绯雪，2鸣维里奈，1鸣莫宁，1鸣凌阳，0鸣尤诺，0鸣忌炎，0鸣鉴心，0鸣卡卡罗，0鸣安可 6鸣渊武，6鸣莫特斐，6鸣秋水，6鸣炽霞，4鸣丹瑾，4鸣白芷，3鸣散华，3鸣秧秧，1鸣卜灵，1鸣灯灯，0鸣桃祈 1鸣灼霜，1鸣宙算仪轨，1鸣万物持存的注释，1鸣血誓盟约，1鸣浩境粼光
156,35338340,140,官服,62,23,8,5,15,0,0,0,0,0.09,965.09,6.894,6鸣x8 4鸣x3 3鸣x2 2鸣x1 1鸣x1 0鸣x5,5鸣x1 1鸣x4,联觉等级:62 总黄数:23 五星角色数:8 五星武器数:5 3鸣绯雪，2鸣卡卡罗，1鸣维里奈，0鸣仇远，0鸣卡提希娅，0鸣守岸人，0鸣安可，0鸣凌阳 6鸣灯灯，6鸣釉瑚，6鸣桃祈，6鸣渊武，6鸣秋水，6鸣炽霞，6鸣白芷，6鸣秧秧，4鸣莫特斐，4鸣丹瑾，4鸣散华，3鸣卜灵 5鸣血誓盟约，1鸣灼霜，1鸣相位涟漪，1鸣裁竹，1鸣千古洑流 卖家说:三加一绯雪
157,30306506,150,官服,47,15,8,6,0,0,0,0,0,0.00,1030.00,6.867,6鸣x4 3鸣x2 2鸣x3 1鸣x4 0鸣x7,1鸣x6,联觉等级:47 总黄数:15 星声数量:614 浮金波纹数量:0 铸潮波纹数量:0 唤声涡纹数量:18 五星角色数:8 1鸣卡卡罗，0鸣弗洛洛，0鸣坎特蕾拉，0鸣洛可可，0鸣守岸人，0鸣鉴心，0鸣安可，0鸣维里奈 6鸣卜灵，6鸣桃祈，6鸣炽霞，6鸣白芷，3鸣莫特斐，3鸣丹瑾，2鸣灯灯，2鸣渊武，2鸣秋水，1鸣釉瑚，1鸣散华，1鸣秧秧 五星武器数:6 1鸣万物持存的注释，1鸣幽冥的忘忧章，1鸣星序协响，1鸣血誓盟约，1鸣千古洑流，1鸣漪澜浮录 卖家说:暗队小号，黎那汐塔没探索弗0+1守岸0+1
158,35724819,125,官服,60,11,7,4,437,0,0,5,5,7.73,827.73,6.622,6鸣x1 4鸣x2 2鸣x2 1鸣x5 0鸣x9,1鸣x4,联觉等级:60 总黄数:11 五星角色数:7 五星武器数:4 0鸣尤诺，0鸣弗洛洛，0鸣卡提希娅，0鸣守岸人，0鸣鉴心，0鸣安可，0鸣维里奈 6鸣莫特斐，4鸣釉瑚，4鸣炽霞，2鸣丹瑾，2鸣散华，1鸣卜灵，1鸣灯灯，1鸣渊武，1鸣秋水，1鸣秧秧，0鸣桃祈，0鸣白芷 1鸣源能机锋，1鸣万物持存的注释，1鸣幽冥的忘忧章，1鸣千古洑流
159,35268098,90,官服,41,9,5,3,154,0,0,0,0,0.96,595.96,6.622,4鸣x2 2鸣x2 1鸣x4 0鸣x7,1鸣x3,联觉等级:41 总黄数:9 五星角色数:5 五星武器数:3 1鸣维里奈，0鸣绯雪，0鸣守岸人，0鸣鉴心，0鸣安可 4鸣渊武，4鸣散华，2鸣秋水，2鸣白芷，1鸣灯灯，1鸣炽霞，1鸣秧秧，0鸣卜灵，0鸣桃祈，0鸣丹瑾 1鸣灼霜，1鸣血誓盟约，1鸣千古洑流 卖家说:我只能说巨欧此号，30抽俩角色，只不过歪了一次，up大保底
160,29665271,100,官服,63,14,5,4,0,0,0,0,0,0.00,660.00,6.600,6鸣x3 4鸣x1 3鸣x4 1鸣x3 0鸣x5,1鸣x4,联觉等级:63 总黄数:14 星声数量:4096 浮金波纹数量:0 铸潮波纹数量:0 唤声涡纹数量:5 五星角色数:5 3鸣赞妮，1鸣维里奈，1鸣凌阳，0鸣菲比，0鸣鉴心 6鸣桃祈，6鸣渊武，6鸣秧秧，4鸣散华，3鸣灯灯，3鸣秋水，3鸣炽霞，1鸣白芷，0鸣釉瑚，0鸣莫特斐，0鸣丹瑾 五星武器数:4 1鸣焰光裁定，1鸣血誓盟约，1鸣千古洑流，1鸣漪澜浮录 卖家说:3➕1赞妮
161,34008133,150,官服,45,18,9,4,89,6,0,0,6,6.56,986.56,6.577,6鸣x8 2鸣x1 1鸣x2 0鸣x9,2鸣x1 1鸣x3,联觉等级:45 总黄数:18 2鸣鉴心，0鸣爱弥斯，0鸣赞妮，0鸣相里要，0鸣折枝，0鸣吟霖，0鸣卡卡罗，0鸣安可，0鸣维里奈 6鸣桃祈，6鸣渊武，6鸣莫特斐，6鸣秋水，6鸣散华，6鸣炽霞，6鸣白芷，6鸣秧秧，1鸣釉瑚，1鸣丹瑾，0鸣卜灵 2鸣千古洑流，1鸣万物持存的注释，1鸣血誓盟约，1鸣浩境粼光
162,34540788,158,官服,59,20,8,6,0,0,0,0,0,0.00,1030.00,6.519,3鸣x1 2鸣x1 1鸣x1 0鸣x5,1鸣x6,【MC21】59级/20黄/女主/8个五星角色/6个五星武器/未绑定/安可/凌阳/卡提希娅/琳奈/尤诺/珂莱塔/守岸人/卡卡罗/擎渊怒涛/不屈命定之冠/停驻之烟/千古洑流/漪澜浮录/血誓盟约/3鸣安可/2鸣凌阳/1鸣卡提希娅/0鸣琳奈/0鸣尤诺/0鸣珂莱塔/0鸣守岸人/0鸣卡卡罗/1鸣擎渊怒涛/1鸣不屈命定之冠/1鸣停驻之烟/1鸣千古洑流/1鸣漪澜浮录/1鸣血誓盟约
163,33315356,50,官服,35,6,4,0,281,0,0,0,0,1.76,321.76,6.435,6鸣x2 4鸣x1 2鸣x2 1鸣x4 0鸣x6,,联觉等级:35 总黄数:6 五星角色数:4 五星武器数:0 1鸣今汐，1鸣鉴心，0鸣卡卡罗，0鸣维里奈 6鸣釉瑚，6鸣渊武，4鸣秧秧，2鸣丹瑾，2鸣炽霞，1鸣桃祈，1鸣散华，0鸣灯灯，0鸣莫特斐，0鸣秋水，0鸣白芷 卖家说:开服号
164,34621464,150,官服,66,22,7,6,96,5,0,0,5,5.60,955.60,6.371,6鸣x5 5鸣x1 4鸣x2 3鸣x2 2鸣x2 1鸣x3 0鸣x4,5鸣x1 1鸣x5,联觉等级:66 总黄数:22 五星角色数:7 五星武器数:6 2鸣卡提希娅，1鸣鉴心，1鸣维里奈，1鸣凌阳，0鸣绯雪，0鸣奥古斯塔，0鸣安可 6鸣釉瑚，6鸣桃祈，6鸣渊武，6鸣秋水，6鸣白芷，5鸣散华，4鸣炽霞，4鸣秧秧，3鸣卜灵，3鸣灯灯，2鸣莫特斐，0鸣丹瑾 5鸣血誓盟约，1鸣灼霜，1鸣驭冕铸雷之权，1鸣不屈命定之冠，1鸣停驻之烟，1鸣漪澜浮录 卖家说:2加1卡提，1加1日，1加1霏雪
165,31454193,150,官服,57,14,10,2,32,0,0,0,0,0.20,930.20,6.201,6鸣x4 5鸣x1 4鸣x1 3鸣x2 2鸣x1 1鸣x1 0鸣x10,1鸣x2,联觉等级:57 总黄数:14 五星角色数:10 五星武器数:2 2鸣维里奈，0鸣守岸人，0鸣相里要，0鸣长离，0鸣吟霖，0鸣忌炎，0鸣鉴心，0鸣卡卡罗，0鸣安可，0鸣凌阳 6鸣桃祈，6鸣丹瑾，6鸣散华，6鸣炽霞，5鸣秧秧，4鸣莫特斐，3鸣渊武，3鸣白芷，1鸣秋水，0鸣釉瑚 1鸣诸方玄枢，1鸣千古洑流 卖家说:便宜低价急出不拖收货来
166,30206647,160,哔哩哔哩,67,19,9,4,0,0,0,0,0,0.00,980.00,6.125,6鸣x5 4鸣x2 3鸣x2 2鸣x1 1鸣x3 0鸣x7,5鸣x1 1鸣x3,联觉等级:67 总黄数:19 星声数量:1270 浮金波纹数量:0 铸潮波纹数量:0 唤声涡纹数量:0 五星角色数:9 1鸣坎特蕾拉，1鸣维里奈，0鸣尤诺，0鸣奥古斯塔，0鸣珂莱塔，0鸣守岸人，0鸣鉴心，0鸣卡卡罗，0鸣安可 6鸣釉瑚，6鸣渊武，6鸣莫特斐，6鸣炽霞，6鸣秧秧，4鸣丹瑾，4鸣散华，3鸣灯灯，3鸣秋水，2鸣桃祈，1鸣白芷 五星武器数:4 5鸣血誓盟约，1鸣驭冕铸雷之权，1鸣停驻之烟，1鸣漪澜浮录
167,34414497,135,哔哩哔哩,57,27,7,4,138,0,0,1,1,1.86,821.86,6.088,6鸣x3 5鸣x1 4鸣x2 3鸣x3 2鸣x2 1鸣x4 0鸣x3,1鸣x4,联觉等级:57 总黄数:27 4鸣西格莉卡，3鸣鉴心，1鸣安可，1鸣维里奈，0鸣尤诺，0鸣卡卡罗，0鸣凌阳 6鸣卜灵，6鸣散华，6鸣秧秧，5鸣秋水，4鸣莫特斐，3鸣桃祈，3鸣炽霞，2鸣釉瑚，2鸣丹瑾，1鸣渊武，1鸣白芷 1鸣昭日译注，1鸣万物持存的注释，1鸣血誓盟约，1鸣千古洑流 卖家说:4+1茜格莉卡0+1尤诺。账号未实名未绑定手机，安全靠谱。
168,35628881,150,官服,65,14,7,5,118,0,0,0,0,0.74,885.74,5.905,6鸣x4 4鸣x2 3鸣x3 2鸣x1 1鸣x2 0鸣x7,1鸣x5,联觉等级:65 总黄数:14 五星角色数:7 五星武器数:5 1鸣弗洛洛，1鸣卡卡罗，0鸣绯雪，0鸣爱弥斯，0鸣尤诺，0鸣卡提希娅，0鸣凌阳 6鸣桃祈，6鸣渊武，6鸣散华，6鸣白芷，4鸣卜灵，4鸣秧秧，3鸣灯灯，3鸣秋水，3鸣炽霞，2鸣丹瑾，0鸣釉瑚，0鸣莫特斐 1鸣灼霜，1鸣永远的启明星，1鸣幽冥的忘忧章，1鸣血誓盟约，1鸣千古洑流 卖家说:11弗洛洛，01绯雪，01小卡
169,35621007,159,官服,0,22,6,7,0,0,0,0,0,0.00,935.00,5.881,0鸣x6,1鸣x7,官服【22金】【等级70】【五星角色】椿 忌炎 守岸人珂莱塔 维里奈二命 布兰特 卡卡罗 洛可可 安可 赞妮 凌阳一命 【五星武器】星序协响 悲喜剧 死与舞 裁春 浩境粼光 漪澜浮录 千古洑流 血誓盟约 鸣潮账号
170,35847332,88,官服,54,16,4,3,0,0,0,0,0,0.00,515.00,5.852,6鸣x5 3鸣x1 2鸣x2 1鸣x3 0鸣x4,1鸣x3,联觉等级:54 总黄数:16 五星角色数:4 五星武器数:3 6鸣达妮娅，2鸣凌阳，1鸣维里奈，0鸣安可 6鸣卜灵，6鸣散华，6鸣炽霞，6鸣秧秧，3鸣白芷，2鸣莫特斐，1鸣渊武，1鸣丹瑾，0鸣釉瑚，0鸣桃祈，0鸣秋水 1鸣血誓盟约，1鸣千古洑流 卖家说:限定武器池垫20+，新手限定池抽守岸人垫90抽
171,35845660,150,官服,48,13,9,2,123,0,0,3,3,3.77,853.77,5.692,6鸣x2 5鸣x1 4鸣x2 2鸣x3 1鸣x2 0鸣x11,1鸣x2,联觉等级:48 总黄数:13 五星角色数:9 五星武器数:2 2鸣凌阳，0鸣绯雪，0鸣莫宁，0鸣尤诺，0鸣折枝，0鸣吟霖，0鸣鉴心，0鸣卡卡罗，0鸣维里奈 6鸣莫特斐，6鸣炽霞，5鸣丹瑾，4鸣秋水，4鸣散华，2鸣白芷，2鸣秧秧，1鸣桃祈，1鸣渊武，0鸣卜灵，0鸣灯灯，0鸣釉瑚 1鸣万物持存的注释，1鸣浩境粼光 卖家说:急出，可讲价
172,35750365,150,官服,61,22,7,4,93,0,0,0,0,0.58,820.58,5.471,6鸣x4 5鸣x2 3鸣x1 2鸣x3 1鸣x2 0鸣x6,5鸣x1 1鸣x3,联觉等级:61 总黄数:22 五星角色数:7 五星武器数:4 6鸣琳奈，1鸣维里奈，0鸣绯雪，0鸣鉴心，0鸣卡卡罗，0鸣安可，0鸣凌阳 6鸣釉瑚，6鸣白芷，6鸣秧秧，5鸣渊武，5鸣散华，3鸣桃祈，2鸣丹瑾，2鸣秋水，2鸣炽霞，1鸣莫特斐，0鸣卜灵 5鸣血誓盟约，1鸣溢彩荧辉，1鸣昙切，1鸣漪澜浮录
173,5705689,100,官服,49,10,6,1,0,0,0,0,0,0.00,545.00,5.450,5鸣x1 4鸣x1 3鸣x4 2鸣x2 1鸣x4 0鸣x3,1鸣x1,"总黄数: 10 联觉等级: 49 拥有五星共鸣者: 卡卡罗,安可,维里奈,凌阳,吟霖,今汐 拥有五星武器: 时和岁稔 亮点: 0+1今希"
174,34306836,130,官服,59,26,6,3,130,0,7,8,15,15.81,690.81,5.314,6鸣x3 4鸣x1 3鸣x1 2鸣x3 1鸣x4 0鸣x5,5鸣x1 1鸣x2,联觉等级:59 总黄数:26 4鸣卡提希娅，1鸣卡卡罗，1鸣维里奈，0鸣爱弥斯，0鸣椿，0鸣鉴心 6鸣釉瑚，6鸣白芷，6鸣秧秧，3鸣渊武，2鸣莫特斐，2鸣丹瑾，2鸣炽霞，1鸣灯灯，1鸣散华，0鸣桃祈，0鸣秋水 5鸣血誓盟约，1鸣不屈命定之冠，1鸣漪澜浮录
175,34884901,130,官服,52,18,5,4,88,0,0,0,0,0.55,660.55,5.081,6鸣x3 3鸣x3 2鸣x4 1鸣x3 0鸣x4,5鸣x1 1鸣x3,联觉等级:52 总黄数:18 五星角色数:5 五星武器数:4 3鸣绯雪，2鸣维里奈，0鸣莫宁，0鸣鉴心，0鸣卡卡罗 6鸣渊武，6鸣秋水，6鸣白芷，3鸣炽霞，3鸣秧秧，2鸣卜灵，2鸣灯灯，2鸣莫特斐，1鸣釉瑚，1鸣丹瑾，1鸣散华，0鸣桃祈 5鸣血誓盟约，1鸣灼霜，1鸣浩境粼光，1鸣千古洑流 卖家说:需要准备没有库洛游戏的一个手机号
176,33879141,150,官服,66,19,7,3,1065,0,0,0,0,6.66,761.66,5.078,6鸣x2 5鸣x2 3鸣x2 2鸣x4 1鸣x2 0鸣x6,3鸣x1 1鸣x2,联觉等级:66 总黄数:19 1鸣维里奈，0鸣爱弥斯，0鸣琳奈，0鸣千咲，0鸣鉴心，0鸣卡卡罗，0鸣安可 6鸣桃祈，6鸣莫特斐，5鸣秋水，5鸣散华，3鸣卜灵，3鸣丹瑾，2鸣渊武，2鸣炽霞，2鸣白芷，2鸣秧秧，1鸣釉瑚 3鸣血誓盟约，1鸣永远的启明星，1鸣千古洑流
177,34424409,118,哔哩哔哩,54,22,5,3,190,0,0,0,0,1.19,596.19,5.052,6鸣x3 5鸣x2 3鸣x2 2鸣x1 1鸣x4 0鸣x3,1鸣x3,联觉等级:54 总黄数:22 5鸣西格莉卡，1鸣卡卡罗，1鸣维里奈，0鸣安可，0鸣凌阳 6鸣卜灵，6鸣散华，6鸣秧秧，5鸣釉瑚，3鸣渊武，3鸣白芷，2鸣炽霞，1鸣桃祈，1鸣莫特斐，0鸣丹瑾 1鸣昭日译注，1鸣血誓盟约，1鸣千古洑流 卖家说:5+1茜格莉卡。账号未绑定手机，未实名。
178,34129569,150,官服,58,25,6,4,66,0,0,0,0,0.41,740.41,4.936,6鸣x3 3鸣x3 2鸣x2 1鸣x2 0鸣x7,5鸣x1 1鸣x3,联觉等级:58 总黄数:25 1鸣安可，0鸣莫宁，0鸣琳奈，0鸣卡卡罗，0鸣维里奈，0鸣凌阳 6鸣渊武，6鸣秋水，6鸣白芷，3鸣釉瑚，3鸣散华，3鸣秧秧，2鸣桃祈，2鸣炽霞，1鸣丹瑾，0鸣卜灵，0鸣灯灯 5鸣血誓盟约，1鸣宙算仪轨，1鸣相位涟漪，1鸣千古洑流 卖家说:2+1绯雪，有琳奈和莫宁，都有专武没时间玩了便宜出。
179,35909455,100,官服,17,6,6,0,75,0,4,0,4,4.47,484.47,4.845,4鸣x1 3鸣x2 2鸣x5 1鸣x2 0鸣x6,,联觉等级:17 总黄数:6 五星角色数:6 五星武器数:0 0鸣爱弥斯，0鸣尤诺，0鸣奥古斯塔，0鸣鉴心，0鸣维里奈，0鸣凌阳 4鸣桃祈，3鸣秋水，3鸣散华，2鸣釉瑚，2鸣渊武，2鸣莫特斐，2鸣炽霞，2鸣白芷，1鸣丹瑾，1鸣秧秧
180,35327470,150,官服,51,10,5,5,178,0,0,0,0,1.11,726.11,4.841,6鸣x2 4鸣x1 2鸣x3 1鸣x2 0鸣x8,1鸣x5,联觉等级:51 总黄数:10 五星角色数:5 五星武器数:5 0鸣达妮娅，0鸣绯雪，0鸣琳奈，0鸣安可，0鸣维里奈 6鸣渊武，6鸣白芷，4鸣桃祈，2鸣灯灯，2鸣丹瑾，2鸣散华，1鸣釉瑚，1鸣炽霞，0鸣卜灵，0鸣秋水，0鸣秧秧 1鸣灼霜，1鸣血誓盟约，1鸣千古洑流，1鸣停驻之烟 卖家说:适合想入坑鸣潮的，地图资源都没咋肝有很多资源
181,35956248,95,官服,54,17,4,2,0,0,0,0,0,0.00,450.00,4.737,6鸣x3 2鸣x1 1鸣x5 0鸣x5,4鸣x1 1鸣x1,"【鸣潮】冒险等级：54，女主，五星数量：6，五星角色:达妮娅 * 6命,维里奈 * 1命,凌阳 * 1命,鉴心__五星武器:血誓盟约 * 4精,千古洑流__四星角色:秧秧 * 6命,炽霞 * 6命,渊武 * 2命,桃祈 * 1命,莫特斐 * 1命,散华 * 1命,白芷,秋水,丹瑾,釉瑚"
182,35213354,140,官服,58,13,5,4,115,0,0,0,0,0.72,660.72,4.719,6鸣x3 5鸣x1 4鸣x1 3鸣x2 2鸣x1 1鸣x2 0鸣x7,2鸣x1 1鸣x3,联觉等级:58 总黄数:13 五星角色数:5 五星武器数:4 3鸣爱弥斯，0鸣绯雪，0鸣鉴心，0鸣维里奈，0鸣凌阳 6鸣莫特斐，6鸣秋水，6鸣白芷，5鸣渊武，4鸣秧秧，3鸣釉瑚，2鸣桃祈，1鸣卜灵，1鸣炽霞，0鸣灯灯，0鸣丹瑾，0鸣散华 2鸣血誓盟约，1鸣灼霜，1鸣永远的启明星，1鸣源能机锋
183,35778573,110,官服,47,14,4,3,3,0,0,0,0,0.02,515.02,4.682,5鸣x1 1鸣x2 0鸣x12,1鸣x3,联觉等级:47 总黄数:14 五星角色数:4 五星武器数:3 5鸣千咲，1鸣鉴心，1鸣维里奈，0鸣卡卡罗 0鸣卜灵，0鸣灯灯，0鸣桃祈，0鸣渊武，0鸣莫特斐，0鸣丹瑾，0鸣秋水，0鸣散华，0鸣炽霞，0鸣白芷，0鸣秧秧 1鸣昙切，1鸣血誓盟约，1鸣千古洑流 卖家说:5+1千咲
184,34312816,150,官服,54,25,7,2,465,5,4,0,9,11.91,701.91,4.679,6鸣x3 4鸣x1 3鸣x3 2鸣x3 1鸣x3 0鸣x5,5鸣x1 1鸣x1,联觉等级:54 总黄数:25 2鸣绯雪，2鸣凌阳，1鸣维里奈，0鸣守岸人，0鸣长离，0鸣鉴心，0鸣卡卡罗 6鸣渊武，6鸣秋水，6鸣白芷，4鸣桃祈，3鸣莫特斐，3鸣丹瑾，3鸣散华，2鸣炽霞，1鸣卜灵，1鸣灯灯，0鸣秧秧 5鸣血誓盟约，1鸣灼霜 卖家说:2+1绯雪，0命守岸人，大保底，常驻武器自选
185,35268418,130,官服,49,12,4,4,994,15,0,5,20,26.21,606.21,4.663,4鸣x1 0鸣x14,1鸣x4,联觉等级:49 总黄数:12 五星角色数:4 五星武器数:4 4鸣绯雪，0鸣安可，0鸣维里奈，0鸣凌阳 0鸣灯灯，0鸣釉瑚，0鸣桃祈，0鸣渊武，0鸣莫特斐，0鸣丹瑾，0鸣秋水，0鸣散华，0鸣炽霞，0鸣白芷，0鸣秧秧 1鸣灼霜，1鸣血誓盟约，1鸣千古洑流 卖家说:41绯雪，有大保底，还有十几个金球，新手池和新手自选都在
186,31643313,80,哔哩哔哩,43,7,3,2,37,0,0,0,0,0.23,370.23,4.628,6鸣x1 2鸣x3 1鸣x2 0鸣x8,1鸣x2,联觉等级:43 总黄数:7 五星角色数:3 五星武器数:2 2鸣爱弥斯，0鸣鉴心，0鸣卡卡罗 6鸣秋水，2鸣散华，2鸣炽霞，1鸣渊武，1鸣秧秧，0鸣卜灵，0鸣灯灯，0鸣釉瑚，0鸣桃祈，0鸣莫特斐，0鸣白芷 1鸣血誓盟约，1鸣漪澜浮录 卖家说:两命爱弥斯，新手入坑号
187,31318912,130,官服,53,19,5,3,50,0,0,3,3,3.31,598.31,4.602,6鸣x1 5鸣x1 2鸣x1 1鸣x4 0鸣x9,5鸣x1 1鸣x2,联觉等级:53 总黄数:19 五星角色数:5 五星武器数:3 5鸣奥古斯塔，1鸣鉴心，1鸣维里奈，0鸣卡卡罗，0鸣凌阳 6鸣炽霞，2鸣白芷，1鸣卜灵，1鸣莫特斐，0鸣灯灯，0鸣釉瑚，0鸣桃祈，0鸣渊武，0鸣丹瑾，0鸣散华，0鸣秧秧 5鸣血誓盟约，1鸣源能机锋，1鸣浩境粼光
188,35211574,98,官服,45,8,4,2,1,0,0,1,1,1.01,451.01,4.602,6鸣x2 3鸣x2 2鸣x1 1鸣x3 0鸣x7,1鸣x2,联觉等级:45 总黄数:8 五星角色数:4 五星武器数:2 1鸣绯雪，1鸣维里奈，0鸣卡卡罗，0鸣凌阳 6鸣渊武，6鸣白芷，3鸣秋水，3鸣炽霞，2鸣釉瑚，1鸣秧秧，0鸣卜灵，0鸣桃祈，0鸣莫特斐，0鸣丹瑾，0鸣散华 1鸣灼霜，1鸣血誓盟约
189,35165795,135,官服,47,13,6,2,63,0,0,0,0,0.39,610.39,4.521,6鸣x2 5鸣x1 3鸣x1 1鸣x1 0鸣x13,1鸣x2,联觉等级:47 总黄数:13 五星角色数:6 五星武器数:2 5鸣绯雪，0鸣鉴心，0鸣卡卡罗，0鸣安可，0鸣维里奈，0鸣凌阳 6鸣渊武，6鸣秋水，3鸣散华，1鸣桃祈，0鸣卜灵，0鸣灯灯，0鸣釉瑚，0鸣莫特斐，0鸣丹瑾，0鸣炽霞，0鸣白芷，0鸣秧秧 1鸣镭射切变，1鸣血誓盟约
190,35427263,150,官服,55,19,6,3,68,0,0,2,2,2.42,677.42,4.516,6鸣x4 4鸣x1 3鸣x2 2鸣x1 1鸣x4 0鸣x6,5鸣x1 1鸣x2,联觉等级:55 总黄数:19 五星角色数:6 五星武器数:3 3鸣绯雪，2鸣维里奈，1鸣鉴心，0鸣守岸人，0鸣卡卡罗，0鸣凌阳 6鸣渊武，6鸣秋水，6鸣散华，6鸣白芷，4鸣丹瑾，3鸣秧秧，1鸣釉瑚，1鸣桃祈，1鸣炽霞，0鸣卜灵，0鸣灯灯，0鸣莫特斐 5鸣血誓盟约，1鸣灼霜，1鸣浩境粼光 卖家说:3鸣绯雪，守岸人
191,5781254,150,官服,53,13,6,3,0,0,0,0,0,0.00,675.00,4.500,6鸣x2 5鸣x3 3鸣x2 2鸣x1 1鸣x3 0鸣x4,1鸣x3,"总黄数: 13 联觉等级: 53 拥有五星共鸣者: 鉴心,安可,维里奈,吟霖,今汐,折枝 拥有五星武器: 千古洑流,漪澜浮录,时和岁稔 亮点: up武器池垫了60多"
192,35012818,160,官服,55,14,5,4,451,0,4,3,7,9.82,669.82,4.186,6鸣x5 4鸣x1 2鸣x1 1鸣x2 0鸣x4,1鸣x4,联觉等级:55 总黄数:14 五星角色数:5 五星武器数:4 4鸣爱弥斯，1鸣维里奈，0鸣鉴心，0鸣卡卡罗，0鸣凌阳 6鸣桃祈，6鸣渊武，6鸣莫特斐，6鸣秋水，6鸣秧秧，2鸣白芷，1鸣炽霞，0鸣散华 1鸣灼霜，1鸣永远的启明星，1鸣血誓盟约，1鸣千古洑流 卖家说:看图
193,35015598,130,官服,54,14,5,2,23,0,0,0,0,0.14,530.14,4.078,6鸣x3 4鸣x2 3鸣x1 2鸣x3 1鸣x2 0鸣x3,1鸣x2,联觉等级:54 总黄数:14 五星角色数:5 五星武器数:2 4鸣绯雪，2鸣维里奈，1鸣卡卡罗，0鸣鉴心，0鸣凌阳 6鸣渊武，6鸣秋水，6鸣白芷，4鸣秧秧，3鸣丹瑾，2鸣釉瑚，2鸣散华，1鸣灯灯，0鸣炽霞 1鸣血誓盟约，1鸣千古洑流 卖家说:40绯雪，有一套可用声骸，20维里奈
194,34661982,150,官服,50,8,6,1,960,11,0,8,19,25.00,570.00,3.800,6鸣x1 4鸣x1 3鸣x3 2鸣x3 1鸣x2 0鸣x5,1鸣x1,联觉等级:50 总黄数:8 五星角色数:6 五星武器数:1 1鸣凌阳，0鸣今汐，0鸣忌炎，0鸣卡卡罗，0鸣安可，0鸣维里奈 6鸣桃祈，4鸣渊武，3鸣丹瑾，3鸣散华，3鸣白芷，2鸣秋水，2鸣炽霞，2鸣秧秧，1鸣莫特斐 1鸣浩境粼光 卖家说:老玩家回归账号，可议价
195,35402088,110,官服,34,5,4,1,509,0,15,3,18,21.18,406.18,3.693,3鸣x1 2鸣x2 1鸣x2 0鸣x8,1鸣x1,联觉等级:34 总黄数:5 五星角色数:4 五星武器数:1 0鸣忌炎，0鸣鉴心，0鸣卡卡罗，0鸣维里奈 3鸣秧秧，2鸣丹瑾，2鸣炽霞，1鸣桃祈，1鸣白芷，0鸣渊武，0鸣莫特斐，0鸣秋水，0鸣散华 1鸣浩境粼光 卖家说:退坑急出账号
196,34222519,105,官服,47,18,4,1,57,0,0,0,0,0.36,385.36,3.670,6鸣x3 3鸣x3 2鸣x2 1鸣x1 0鸣x7,4鸣x1,联觉等级:47 总黄数:18 2鸣千咲，1鸣安可，0鸣爱弥斯，0鸣维里奈 6鸣桃祈，6鸣渊武，6鸣秋水，3鸣灯灯，3鸣莫特斐，3鸣散华，2鸣秧秧，0鸣卜灵，0鸣釉瑚，0鸣丹瑾，0鸣炽霞，0鸣白芷 4鸣血誓盟约
197,35475027,150,官服,50,17,4,3,1740,3,0,15,18,28.88,543.88,3.626,5鸣x1 4鸣x1 3鸣x2 2鸣x2 1鸣x4 0鸣x5,5鸣x1 1鸣x2,联觉等级:50 总黄数:17 五星角色数:4 五星武器数:3 5鸣绯雪，1鸣鉴心，0鸣维里奈，0鸣凌阳 4鸣秧秧，3鸣卜灵，3鸣散华，2鸣渊武，2鸣丹瑾，1鸣釉瑚，1鸣桃祈，1鸣炽霞，0鸣灯灯，0鸣秋水，0鸣白芷 5鸣血誓盟约，1鸣灼霜，1鸣千古洑流 卖家说:5链绯雪
198,34700534,90,官服,38,5,2,2,404,0,6,11,17,19.52,309.52,3.439,4鸣x1 3鸣x1 2鸣x5 1鸣x2 0鸣x2,1鸣x2,联觉等级:38 总黄数:5 五星角色数:2 五星武器数:2 1鸣卡卡罗，0鸣爱弥斯 4鸣丹瑾，3鸣散华，2鸣桃祈，2鸣秋水，2鸣炽霞，2鸣白芷，2鸣秧秧，1鸣渊武，0鸣莫特斐 1鸣永远的启明星，1鸣血誓盟约
199,4491438,100,官服,30,5,4,0,0,0,0,0,0,0.00,320.00,3.200,6鸣x1 2鸣x2 1鸣x1 0鸣x7,,"总黄数: 5 联觉等级: 30 拥有五星共鸣者: 忌炎,鉴心,安可,维里奈 亮点: 联觉等级30，数据乌15级，金色声骸多。五星共鸣者。忌炎，安可，鉴心，维里纳。亮点，一命忌炎（并且又垫了50抽。），练度高。"
200,33940315,150,官服,35,13,5,1,268,0,0,1,1,2.67,467.68,3.118,4鸣x1 3鸣x3 2鸣x5 1鸣x2 0鸣x5,1鸣x1,联觉等级:35 总黄数:13 2鸣卡卡罗，0鸣今汐，0鸣鉴心，0鸣安可，0鸣维里奈 4鸣秧秧，3鸣渊武，3鸣丹瑾，3鸣散华，2鸣桃祈，2鸣莫特斐，2鸣炽霞，2鸣白芷，1鸣釉瑚，1鸣秋水，0鸣灯灯 1鸣千古洑流
