unified_rank,strength_rank,platform,product_id,price,level,total_yellow,team_count,team_bonus,pulls_total,role_score_total,weapon_score_total,strength_score,value_score,detail_url
1,108,7881,201612613619453,60.0,67,23,1,100,0.34,571.0,290.0,961.34,16.022,https://search.7881.com/201612613619453.html
2,222,kejinshou,35473797,50.0,50,12,0,0,12.56,440.6,90.0,543.16,10.863,https://m.kejinshou.com/goods/details/35473797
3,96,kejinshou,35634432,100.0,69,23,1,100,0.44,660.1,273.0,1033.54,10.335,https://m.kejinshou.com/goods/details/35634432
4,102,7881,201612613381524,100.0,80,32,1,100,22.56,666.8,220.0,1009.36,10.094,https://search.7881.com/201612613381524.html
5,144,kejinshou,35586356,85.0,64,18,1,100,17.59,476.8,220.0,814.39,9.581,https://m.kejinshou.com/goods/details/35586356
6,109,kejinshou,35698165,100.0,64,18,1,100,0.15,576.1,274.0,950.25,9.502,https://m.kejinshou.com/goods/details/35698165
7,54,kejinshou,35112357,150.0,80,30,2,200,13.36,869.1,318.0,1400.46,9.336,https://m.kejinshou.com/goods/details/35112357
8,84,pzds,MCBKG5,120,73,38,1,100,3.24,692.0,303.0,1098.24,9.152,https://www.pzds.com/goodsDetails/MCBKG5/6?from=%E5%95%86%E5%93%81%E5%88%97%E8%A1%A8
9,49,pzds,MCBQS7,160,80,34,1,100,1.14,903.6,443.0,1447.74,9.048,https://www.pzds.com/goodsDetails/MCBQS7/6?from=%E5%95%86%E5%93%81%E5%88%97%E8%A1%A8
10,128,pzds,MCHEQA,98,80,30,0,0,0.11,644.2,240.0,884.31,9.024,https://www.pzds.com/goodsDetails/MCHEQA/6?from=%E5%95%86%E5%93%81%E5%88%97%E8%A1%A8
11,53,pzds,MC57MS,158,72,34,1,100,2.23,872.0,428.0,1402.23,8.875,https://www.pzds.com/goodsDetails/MC57MS/6?from=%E5%95%86%E5%93%81%E5%88%97%E8%A1%A8
12,61,pzds,MC3ST9,150,75,33,1,100,1.05,969.7,254.0,1324.75,8.832,https://www.pzds.com/goodsDetails/MC3ST9/6?from=%E5%95%86%E5%93%81%E5%88%97%E8%A1%A8
13,230,kejinshou,35029382,60.0,53,22,0,0,0.48,288.3,239.0,527.78,8.796,https://m.kejinshou.com/goods/details/35029382
14,185,7881,201612613549182,75.0,60,19,0,0,2.63,475.05,180.0,657.68,8.769,https://search.7881.com/201612613549182.html
15,236,7881,201612613541350,60.0,50,18,0,0,4.76,383.3,133.0,521.06,8.684,https://search.7881.com/201612613541350.html
16,38,7881,201612613618065,190.0,77,31,2,200,0.0,983.0,453.0,1636.0,8.611,https://search.7881.com/201612613618065.html
17,58,pzds,MC2Z71,160,74,42,1,100,0.72,889.3,384.0,1374.03,8.588,https://www.pzds.com/goodsDetails/MC2Z71/6?from=%E5%95%86%E5%93%81%E5%88%97%E8%A1%A8
18,62,pzds,MC311K,150,80,36,0,0,17.64,875.65,393.0,1286.29,8.575,https://www.pzds.com/goodsDetails/MC311K/6?from=%E5%95%86%E5%93%81%E5%88%97%E8%A1%A8
19,83,kejinshou,35727655,130.0,68,21,1,100,28.18,664.15,320.0,1112.32,8.556,https://m.kejinshou.com/goods/details/35727655
20,63,pzds,MCCU7X,149,80,35,3,300,0.53,714.2,244.0,1258.73,8.448,https://www.pzds.com/goodsDetails/MCCU7X/6?from=%E5%95%86%E5%93%81%E5%88%97%E8%A1%A8
21,59,pzds,MC9V6K,160,80,38,2,200,1.59,968.6,180.0,1350.19,8.439,https://www.pzds.com/goodsDetails/MC9V6K/6?from=%E5%95%86%E5%93%81%E5%88%97%E8%A1%A8
22,88,kejinshou,35706803,130.0,75,35,0,0,0.06,698.6,387.0,1085.66,8.351,https://m.kejinshou.com/goods/details/35706803
23,60,pzds,MCB4RP,160,80,41,1,100,7.88,943.6,283.0,1334.48,8.341,https://www.pzds.com/goodsDetails/MCB4RP/6?from=%E5%95%86%E5%93%81%E5%88%97%E8%A1%A8
24,93,kejinshou,35939793,126.0,73,38,1,100,3.24,653.4,293.0,1049.64,8.33,https://m.kejinshou.com/goods/details/35939793
25,224,kejinshou,34849376,65.0,58,16,0,0,76.64,341.2,123.0,540.84,8.321,https://m.kejinshou.com/goods/details/34849376
26,65,7881,201612613537913,150.0,77,34,0,0,0.64,887.0,360.0,1247.64,8.318,https://search.7881.com/201612613537913.html
27,78,pzds,MC2URJ,139,69,29,1,100,0.26,781.2,260.0,1141.46,8.212,https://www.pzds.com/goodsDetails/MC2URJ/6?from=%E5%95%86%E5%93%81%E5%88%97%E8%A1%A8
28,123,kejinshou,35622973,110.0,63,22,0,0,3.65,776.6,118.0,898.25,8.166,https://m.kejinshou.com/goods/details/35622973
29,116,kejinshou,35535674,115.0,80,32,0,0,32.96,647.8,240.0,920.76,8.007,https://m.kejinshou.com/goods/details/35535674
30,97,kejinshou,33672237,130.0,80,33,0,0,0.66,778.6,254.0,1033.26,7.948,https://m.kejinshou.com/goods/details/33672237
31,67,pzds,MC2JXN,158,73,32,2,200,0.19,680.6,362.0,1242.79,7.866,https://www.pzds.com/goodsDetails/MC2JXN/6?from=%E5%95%86%E5%93%81%E5%88%97%E8%A1%A8
32,89,pzds,MCGVQV,138,71,32,0,0,11.24,826.2,244.0,1081.44,7.837,https://www.pzds.com/goodsDetails/MCGVQV/6?from=%E5%95%86%E5%93%81%E5%88%97%E8%A1%A8
33,66,pzds,MCH4TN,160,79,29,2,200,4.86,768.35,270.0,1243.21,7.77,https://www.pzds.com/goodsDetails/MCH4TN/6?from=%E5%95%86%E5%93%81%E5%88%97%E8%A1%A8
34,82,kejinshou,35632501,150.0,74,26,1,100,0.68,872.75,153.0,1126.42,7.509,https://m.kejinshou.com/goods/details/35632501
35,106,kejinshou,35257796,130.0,75,30,0,0,1.29,730.6,243.0,974.89,7.499,https://m.kejinshou.com/goods/details/35257796
36,95,pzds,MC8NQ1,140,77,35,0,0,13.29,844.6,188.0,1045.89,7.471,https://www.pzds.com/goodsDetails/MC8NQ1/6?from=%E5%95%86%E5%93%81%E5%88%97%E8%A1%A8
37,99,kejinshou,35208178,137.0,67,28,1,100,0.0,651.1,270.0,1021.1,7.453,https://m.kejinshou.com/goods/details/35208178
38,154,kejinshou,35892961,105.0,65,26,0,0,0.54,531.0,250.0,781.54,7.443,https://m.kejinshou.com/goods/details/35892961
39,141,kejinshou,30273015,110.0,80,35,0,0,0.0,515.6,302.0,817.6,7.433,https://m.kejinshou.com/goods/details/30273015
40,76,pzds,MC55R2,155,78,36,1,100,4.65,799.6,243.0,1147.25,7.402,https://www.pzds.com/goodsDetails/MC55R2/6?from=%E5%95%86%E5%93%81%E5%88%97%E8%A1%A8
41,92,kejinshou,35945317,144.0,71,33,0,0,9.56,785.6,264.0,1059.16,7.355,https://m.kejinshou.com/goods/details/35945317
42,132,pzds,MCAVAC,117,75,26,0,0,0.81,719.35,140.0,860.16,7.352,https://www.pzds.com/goodsDetails/MCAVAC/6?from=%E5%95%86%E5%93%81%E5%88%97%E8%A1%A8
43,79,pzds,MC5RD8,155,75,33,0,0,0.36,796.6,338.0,1134.96,7.322,https://www.pzds.com/goodsDetails/MC5RD8/6?from=%E5%95%86%E5%93%81%E5%88%97%E8%A1%A8
44,111,kejinshou,35777377,130.0,76,24,0,0,4.15,636.8,299.0,939.95,7.23,https://m.kejinshou.com/goods/details/35777377
45,90,kejinshou,35487773,150.0,80,32,0,0,3.08,829.35,248.0,1080.43,7.203,https://m.kejinshou.com/goods/details/35487773
46,126,kejinshou,34964442,125.0,63,21,0,0,60.86,693.4,139.0,893.26,7.146,https://m.kejinshou.com/goods/details/34964442
47,192,7881,201612613563403,90.0,44,11,0,0,135.55,330.0,170.0,635.55,7.062,https://search.7881.com/201612613563403.html
48,80,pzds,MC7ACK,160,80,34,1,100,35.61,718.8,274.0,1128.41,7.053,https://www.pzds.com/goodsDetails/MC7ACK/6?from=%E5%95%86%E5%93%81%E5%88%97%E8%A1%A8
49,212,kejinshou,31084142,80.0,53,18,0,0,3.36,350.3,210.0,563.66,7.046,https://m.kejinshou.com/goods/details/31084142
50,124,pzds,MC98A1,130,80,27,0,0,5.61,770.8,120.0,896.41,6.895,https://www.pzds.com/goodsDetails/MC98A1/6?from=%E5%95%86%E5%93%81%E5%88%97%E8%A1%A8
51,107,pzds,MC8MF6,140,72,31,0,0,0.44,786.1,178.0,964.54,6.89,https://www.pzds.com/goodsDetails/MC8MF6/6?from=%E5%95%86%E5%93%81%E5%88%97%E8%A1%A8
52,177,kejinshou,35936781,100.0,66,20,0,0,5.81,532.3,150.0,688.11,6.881,https://m.kejinshou.com/goods/details/35936781
53,110,kejinshou,35272794,138.0,61,22,1,100,10.59,633.3,203.0,946.89,6.862,https://m.kejinshou.com/goods/details/35272794
54,115,pzds,MC0GCS,135,64,30,0,0,0.5,706.6,214.0,921.1,6.823,https://www.pzds.com/goodsDetails/MC0GCS/6?from=%E5%95%86%E5%93%81%E5%88%97%E8%A1%A8
55,181,kejinshou,35889640,100.0,57,13,1,100,47.91,346.3,184.0,678.21,6.782,https://m.kejinshou.com/goods/details/35889640
56,119,kejinshou,34557961,135.0,78,33,0,0,7.25,589.7,318.0,914.95,6.777,https://m.kejinshou.com/goods/details/34557961
57,147,kejinshou,35231183,120.0,70,25,0,0,9.64,530.05,273.0,812.69,6.772,https://m.kejinshou.com/goods/details/35231183
58,271,kejinshou,34783782,60.0,62,17,0,0,0.44,296.2,108.0,404.64,6.744,https://m.kejinshou.com/goods/details/34783782
59,130,kejinshou,35417411,130.0,73,31,0,0,1.55,619.2,250.0,870.75,6.698,https://m.kejinshou.com/goods/details/35417411
60,167,kejinshou,28539238,110.0,80,29,0,0,0.0,451.6,284.0,735.6,6.687,https://m.kejinshou.com/goods/details/28539238
61,103,kejinshou,35347934,150.0,80,38,0,0,18.65,679.1,300.0,997.75,6.652,https://m.kejinshou.com/goods/details/35347934
62,129,pzds,MCHVKJ,132,65,26,0,0,6.97,710.2,160.0,877.17,6.645,https://www.pzds.com/goodsDetails/MCHVKJ/6?from=%E5%95%86%E5%93%81%E5%88%97%E8%A1%A8
63,91,kejinshou,34998618,160.0,76,27,1,100,43.99,685.1,234.0,1063.09,6.644,https://m.kejinshou.com/goods/details/34998618
64,114,pzds,MCESSZ,140,80,32,0,0,8.58,737.1,184.0,929.68,6.641,https://www.pzds.com/goodsDetails/MCESSZ/6?from=%E5%95%86%E5%93%81%E5%88%97%E8%A1%A8
65,94,kejinshou,35182308,158.0,78,29,1,100,13.29,590.0,344.0,1047.29,6.628,https://m.kejinshou.com/goods/details/35182308
66,297,7881,201612613534237,50.0,16,11,0,0,1.18,328.0,0.0,329.18,6.584,https://search.7881.com/201612613534237.html
67,117,kejinshou,35923649,140.0,72,32,0,0,1.35,642.3,277.0,920.65,6.576,https://m.kejinshou.com/goods/details/35923649
68,233,kejinshou,33962162,80.0,46,24,0,0,0.78,293.6,230.0,524.38,6.555,https://m.kejinshou.com/goods/details/33962162
69,104,pzds,MC0QQV,150,80,44,1,100,7.41,621.8,250.0,979.21,6.528,https://www.pzds.com/goodsDetails/MC0QQV/6?from=%E5%95%86%E5%93%81%E5%88%97%E8%A1%A8
70,146,pzds,MCERL3,125,72,32,0,0,1.26,591.6,220.0,812.86,6.503,https://www.pzds.com/goodsDetails/MCERL3/6?from=%E5%95%86%E5%93%81%E5%88%97%E8%A1%A8
71,98,kejinshou,35908973,158.0,60,24,2,200,0.0,561.8,263.0,1024.8,6.486,https://m.kejinshou.com/goods/details/35908973
72,121,pzds,MC5MVZ,139,75,28,0,0,0.53,720.6,180.0,901.12,6.483,https://www.pzds.com/goodsDetails/MC5MVZ/6?from=%E5%95%86%E5%93%81%E5%88%97%E8%A1%A8
73,278,kejinshou,35695176,60.0,44,12,0,0,10.09,295.2,80.0,385.29,6.421,https://m.kejinshou.com/goods/details/35695176
74,101,pzds,MCB7UZ,159,76,36,1,100,18.0,666.15,229.0,1013.15,6.372,https://www.pzds.com/goodsDetails/MCB7UZ/6?from=%E5%95%86%E5%93%81%E5%88%97%E8%A1%A8
75,138,pzds,MC0W5U,130,66,30,0,0,10.49,581.2,232.0,823.69,6.336,https://www.pzds.com/goodsDetails/MC0W5U/6?from=%E5%95%86%E5%93%81%E5%88%97%E8%A1%A8
76,259,kejinshou,32974204,70.0,53,13,0,0,0.12,293.35,150.0,443.48,6.335,https://m.kejinshou.com/goods/details/32974204
77,142,7881,201612612496251,130.0,76,30,0,0,25.99,525.25,264.0,815.24,6.271,https://search.7881.com/201612612496251.html
78,143,kejinshou,34994160,130.0,61,25,0,0,1.32,593.6,220.0,814.93,6.269,https://m.kejinshou.com/goods/details/34994160
79,112,kejinshou,35112712,150.0,80,19,0,0,7.99,596.85,330.0,934.84,6.232,https://m.kejinshou.com/goods/details/35112712
80,50,7881,201612613554347,230.0,77,32,3,300,0.0,937.1,193.0,1430.1,6.218,https://search.7881.com/201612613554347.html
81,113,pzds,MC7KGM,150,80,32,0,0,0.56,687.6,242.0,930.16,6.201,https://www.pzds.com/goodsDetails/MC7KGM/6?from=%E5%95%86%E5%93%81%E5%88%97%E8%A1%A8
82,244,kejinshou,34820596,80.0,64,18,0,0,0.88,354.8,140.0,495.68,6.196,https://m.kejinshou.com/goods/details/34820596
83,196,kejinshou,33682424,100.0,48,18,0,0,0.54,455.8,163.0,619.34,6.193,https://m.kejinshou.com/goods/details/33682424
84,198,kejinshou,35960434,100.0,50,19,0,0,0.56,488.05,130.0,618.61,6.186,https://m.kejinshou.com/goods/details/35960434
85,163,pzds,MCC7ML,122,64,21,0,0,10.52,667.6,74.0,752.12,6.165,https://www.pzds.com/goodsDetails/MCC7ML/6?from=%E5%95%86%E5%93%81%E5%88%97%E8%A1%A8
86,12,7881,201612613490540,400.0,80,54,5,500,2.5,1511.0,433.0,2446.5,6.116,https://search.7881.com/201612613490540.html
87,125,kejinshou,35799490,147.0,80,32,0,0,8.58,703.5,184.0,896.08,6.096,https://m.kejinshou.com/goods/details/35799490
88,201,kejinshou,35518073,100.0,71,28,0,0,0.81,412.7,194.0,607.51,6.075,https://m.kejinshou.com/goods/details/35518073
89,120,pzds,MCEHQ4,150,73,35,0,0,9.93,647.6,253.0,910.52,6.07,https://www.pzds.com/goodsDetails/MCEHQ4/6?from=%E5%95%86%E5%93%81%E5%88%97%E8%A1%A8
90,202,kejinshou,33718762,100.0,64,23,1,100,2.87,354.2,142.0,599.07,5.991,https://m.kejinshou.com/goods/details/33718762
91,161,kejinshou,35817834,126.0,71,30,0,0,2.56,522.0,229.0,753.56,5.981,https://m.kejinshou.com/goods/details/35817834
92,186,kejinshou,35774081,110.0,68,15,0,0,0.21,467.05,190.0,657.26,5.975,https://m.kejinshou.com/goods/details/35774081
93,247,kejinshou,31805513,80.0,52,16,0,0,27.59,359.8,89.0,476.39,5.955,https://m.kejinshou.com/goods/details/31805513
94,179,kejinshou,35338519,115.0,73,24,0,0,0.17,513.65,169.0,682.82,5.938,https://m.kejinshou.com/goods/details/35338519
95,122,kejinshou,34905083,152.0,80,33,0,0,142.62,548.1,208.0,898.73,5.913,https://m.kejinshou.com/goods/details/34905083
96,159,kejinshou,34709059,130.0,80,28,0,0,17.51,565.9,184.0,767.41,5.903,https://m.kejinshou.com/goods/details/34709059
97,151,kejinshou,35174147,136.0,56,23,1,100,5.84,522.1,173.0,800.94,5.889,https://m.kejinshou.com/goods/details/35174147
98,170,pzds,MC4JNA,122,75,29,0,0,8.44,450.4,254.0,712.84,5.843,https://www.pzds.com/goodsDetails/MC4JNA/6?from=%E5%95%86%E5%93%81%E5%88%97%E8%A1%A8
99,145,7881,201612613554208,140.0,72,31,0,0,0.0,596.7,217.0,813.7,5.812,https://search.7881.com/201612613554208.html
100,249,kejinshou,35016689,80.0,52,16,0,0,0.88,338.7,124.0,463.57,5.795,https://m.kejinshou.com/goods/details/35016689
101,153,kejinshou,35792759,136.0,78,26,1,100,3.84,541.0,140.0,784.84,5.771,https://m.kejinshou.com/goods/details/35792759
102,208,kejinshou,34665047,100.0,52,19,0,0,8.32,379.6,188.0,575.92,5.759,https://m.kejinshou.com/goods/details/34665047
103,118,pzds,MCH6MD,160,80,40,1,100,0.33,642.8,174.0,917.12,5.732,https://www.pzds.com/goodsDetails/MCH6MD/6?from=%E5%95%86%E5%93%81%E5%88%97%E8%A1%A8
104,127,kejinshou,35854032,157.0,80,32,0,0,0.56,649.0,242.0,891.56,5.679,https://m.kejinshou.com/goods/details/35854032
105,100,7881,201612613486991,180.0,80,31,1,100,28.87,590.8,294.0,1013.67,5.631,https://search.7881.com/201612613486991.html
106,133,kejinshou,34756321,150.0,79,26,0,0,11.88,597.35,234.0,843.23,5.622,https://m.kejinshou.com/goods/details/34756321
107,73,7881,201612613432318,211.0,64,27,3,300,4.26,645.7,231.0,1180.96,5.597,https://search.7881.com/201612613432318.html
108,183,kejinshou,35327187,120.0,62,16,0,0,3.18,502.8,160.0,665.98,5.55,https://m.kejinshou.com/goods/details/35327187
109,135,pzds,MCGQGD,150,75,32,0,0,0.81,593.6,234.0,828.41,5.523,https://www.pzds.com/goodsDetails/MCGQGD/6?from=%E5%95%86%E5%93%81%E5%88%97%E8%A1%A8
110,221,kejinshou,33398915,100.0,53,17,0,0,9.52,401.2,140.0,550.72,5.507,https://m.kejinshou.com/goods/details/33398915
111,137,kejinshou,35745137,150.0,77,30,0,0,0.67,550.6,273.0,824.27,5.495,https://m.kejinshou.com/goods/details/35745137
112,139,kejinshou,35732068,150.0,65,21,0,0,0.85,592.6,230.0,823.45,5.49,https://m.kejinshou.com/goods/details/35732068
113,223,kejinshou,34189208,100.0,67,27,0,0,0.05,352.5,190.0,542.55,5.425,https://m.kejinshou.com/goods/details/34189208
114,203,kejinshou,35916667,108.0,52,20,0,0,11.07,441.6,133.0,585.67,5.423,https://m.kejinshou.com/goods/details/35916667
115,160,kejinshou,34009013,140.0,79,33,0,0,7.27,545.8,203.0,756.07,5.401,https://m.kejinshou.com/goods/details/34009013
116,148,kejinshou,35908018,150.0,72,22,0,0,77.1,505.0,223.0,805.1,5.367,https://m.kejinshou.com/goods/details/35908018
117,149,kejinshou,33874314,150.0,60,25,1,100,112.48,393.6,199.0,805.08,5.367,https://m.kejinshou.com/goods/details/33874314
118,134,kejinshou,35816370,157.0,80,35,0,0,6.1,603.7,230.0,839.8,5.349,https://m.kejinshou.com/goods/details/35816370
119,184,kejinshou,35914503,126.0,61,18,0,0,0.28,454.0,210.0,664.27,5.272,https://m.kejinshou.com/goods/details/35914503
120,164,kejinshou,34743735,142.0,0,21,1,100,0.0,516.0,130.0,746.0,5.254,https://m.kejinshou.com/goods/details/34743735
121,312,kejinshou,29859407,50.0,45,13,0,0,0.0,192.4,70.0,262.4,5.248,https://m.kejinshou.com/goods/details/29859407
122,231,kejinshou,35938765,100.0,63,13,0,0,17.71,327.0,180.0,524.71,5.247,https://m.kejinshou.com/goods/details/35938765
123,168,kejinshou,35338340,140.0,62,23,0,0,0.09,564.3,163.0,727.39,5.196,https://m.kejinshou.com/goods/details/35338340
124,197,kejinshou,35635011,120.0,59,16,0,0,0.49,458.7,160.0,619.19,5.16,https://m.kejinshou.com/goods/details/35635011
125,158,kejinshou,35628881,150.0,65,14,0,0,0.74,572.95,200.0,773.69,5.158,https://m.kejinshou.com/goods/details/35628881
126,24,7881,201612613520446,399.0,80,55,3,300,0.38,1167.0,579.0,2046.38,5.129,https://search.7881.com/201612613520446.html
127,213,kejinshou,34807219,110.0,55,14,0,0,11.34,327.6,224.0,562.94,5.118,https://m.kejinshou.com/goods/details/34807219
128,190,kejinshou,35934753,126.0,62,27,0,0,3.62,439.4,200.0,643.02,5.103,https://m.kejinshou.com/goods/details/35934753
129,173,pzds,MCEQ82,138,74,30,0,0,2.04,531.9,170.0,703.94,5.101,https://www.pzds.com/goodsDetails/MCEQ82/6?from=%E5%95%86%E5%93%81%E5%88%97%E8%A1%A8
130,150,pzds,MC3Q8U,158,77,32,0,0,13.42,571.4,220.0,804.82,5.094,https://www.pzds.com/goodsDetails/MC3Q8U/6?from=%E5%95%86%E5%93%81%E5%88%97%E8%A1%A8
131,252,kejinshou,31380584,90.0,64,17,0,0,0.64,329.3,128.0,457.94,5.088,https://m.kejinshou.com/goods/details/31380584
132,152,kejinshou,35416733,158.0,61,21,0,0,0.0,603.6,189.0,792.6,5.016,https://m.kejinshou.com/goods/details/35416733
133,156,kejinshou,33682748,155.0,75,28,0,0,5.31,569.2,203.0,777.51,5.016,https://m.kejinshou.com/goods/details/33682748
134,255,kejinshou,33761640,90.0,68,22,0,0,1.28,389.3,60.0,450.58,5.006,https://m.kejinshou.com/goods/details/33761640
135,273,kejinshou,35391598,80.0,49,11,0,0,0.86,294.1,104.0,398.96,4.987,https://m.kejinshou.com/goods/details/35391598
136,291,kejinshou,34837849,70.0,51,11,0,0,5.92,252.6,90.0,348.52,4.979,https://m.kejinshou.com/goods/details/34837849
137,165,kejinshou,34965102,150.0,76,29,0,0,0.44,515.35,230.0,745.79,4.972,https://m.kejinshou.com/goods/details/34965102
138,157,kejinshou,35818411,157.0,75,32,0,0,0.81,560.0,214.0,774.81,4.935,https://m.kejinshou.com/goods/details/35818411
139,279,kejinshou,35015596,80.0,43,11,0,0,10.48,285.7,88.0,384.18,4.802,https://m.kejinshou.com/goods/details/35015596
140,162,pzds,MC95Y4,158,73,29,0,0,11.56,521.95,220.0,753.51,4.769,https://www.pzds.com/goodsDetails/MC95Y4/6?from=%E5%95%86%E5%93%81%E5%88%97%E8%A1%A8
141,169,kejinshou,35457782,150.0,66,25,0,0,0.01,604.2,110.0,714.21,4.761,https://m.kejinshou.com/goods/details/35457782
142,239,7881,201612613514685,106.0,65,23,0,0,0.0,330.6,172.0,502.6,4.742,https://search.7881.com/201612613514685.html
143,282,kejinshou,35714532,80.0,56,10,0,0,0.69,297.6,80.0,378.29,4.729,https://m.kejinshou.com/goods/details/35714532
144,74,7881,201612613376030,250.0,76,35,0,0,2.82,902.4,275.0,1180.22,4.721,https://search.7881.com/201612613376030.html
145,171,kejinshou,34621464,150.0,66,22,0,0,5.6,459.25,243.0,707.85,4.719,https://m.kejinshou.com/goods/details/34621464
146,308,kejinshou,33942214,60.0,46,16,0,0,6.28,256.55,20.0,282.82,4.714,https://m.kejinshou.com/goods/details/33942214
147,175,kejinshou,34763859,150.0,64,32,0,0,7.96,449.3,243.0,700.26,4.668,https://m.kejinshou.com/goods/details/34763859
148,317,kejinshou,35852652,50.0,52,11,0,0,0.99,162.3,70.0,233.29,4.666,https://m.kejinshou.com/goods/details/35852652
149,240,kejinshou,35718066,108.0,65,15,0,0,0.0,330.6,172.0,502.6,4.654,https://m.kejinshou.com/goods/details/35718066
150,176,kejinshou,35077993,150.0,54,20,0,0,1.31,494.0,200.0,695.31,4.635,https://m.kejinshou.com/goods/details/35077993
151,206,kejinshou,35724819,125.0,60,11,0,0,2.73,445.8,130.0,578.53,4.628,https://m.kejinshou.com/goods/details/35724819
152,36,7881,201612613371281,363.0,80,55,1,100,0.0,1090.0,487.0,1677.0,4.62,https://search.7881.com/201612613371281.html
153,37,7881,201612613371432,363.0,80,32,3,300,0.0,1004.7,370.0,1674.7,4.613,https://search.7881.com/201612613371432.html
154,220,kejinshou,35604068,120.0,66,22,0,0,37.45,375.0,139.0,551.45,4.595,https://m.kejinshou.com/goods/details/35604068
155,30,7881,201612611341083,405.0,80,51,3,300,0.44,1106.1,452.5,1859.04,4.59,https://search.7881.com/201612611341083.html
156,178,kejinshou,34384632,150.0,57,17,0,0,0.81,556.6,130.0,687.41,4.583,https://m.kejinshou.com/goods/details/34384632
157,180,kejinshou,32130064,150.0,59,20,0,0,5.64,523.2,150.0,678.84,4.526,https://m.kejinshou.com/goods/details/32130064
158,193,kejinshou,34727356,140.0,0,24,0,0,0.0,503.0,130.0,633.0,4.521,https://m.kejinshou.com/goods/details/34727356
159,245,kejinshou,29055204,110.0,72,21,0,0,0.0,395.2,100.0,495.2,4.502,https://m.kejinshou.com/goods/details/29055204
160,204,kejinshou,8978449,130.0,70,20,0,0,0.0,422.6,160.0,582.6,4.482,https://m.kejinshou.com/goods/details/8978449
161,272,kejinshou,35268098,90.0,41,9,0,0,0.96,310.1,90.0,401.06,4.456,https://m.kejinshou.com/goods/details/35268098
162,275,kejinshou,35482426,90.0,67,19,0,0,8.54,307.35,80.0,395.89,4.399,https://m.kejinshou.com/goods/details/35482426
163,174,kejinshou,34989398,160.0,63,26,0,0,0.47,483.6,218.0,702.08,4.388,https://m.kejinshou.com/goods/details/34989398
164,211,kejinshou,33872361,130.0,71,25,0,0,0.03,448.6,120.0,568.63,4.374,https://m.kejinshou.com/goods/details/33872361
165,276,kejinshou,35124607,90.0,31,10,0,0,0.1,362.3,30.0,392.4,4.36,https://m.kejinshou.com/goods/details/35124607
166,182,kejinshou,34541525,154.0,78,30,0,0,0.0,431.0,239.0,670.0,4.351,https://m.kejinshou.com/goods/details/34541525
167,264,kejinshou,35017467,100.0,66,15,0,0,0.96,339.6,90.0,430.56,4.306,https://m.kejinshou.com/goods/details/35017467
168,237,kejinshou,34537064,120.0,80,25,0,0,0.0,366.6,150.0,516.6,4.305,https://m.kejinshou.com/goods/details/34537064
169,188,kejinshou,35750365,150.0,61,22,0,0,0.58,470.6,173.0,644.18,4.295,https://m.kejinshou.com/goods/details/35750365
170,189,kejinshou,30306506,150.0,47,15,1,100,0.0,333.6,210.0,643.6,4.291,https://m.kejinshou.com/goods/details/30306506
171,45,7881,201612613408725,350.0,77,35,2,200,0.21,938.45,361.0,1499.66,4.285,https://search.7881.com/201612613408725.html
172,217,kejinshou,34917108,130.0,58,17,0,0,8.84,417.6,130.0,556.44,4.28,https://m.kejinshou.com/goods/details/34917108
173,267,kejinshou,30305172,99.0,56,19,0,0,0.0,230.2,190.0,420.2,4.244,https://m.kejinshou.com/goods/details/30305172
174,207,kejinshou,35817757,136.0,80,34,0,0,6.71,452.5,117.0,576.21,4.237,https://m.kejinshou.com/goods/details/35817757
175,258,kejinshou,35814988,105.0,80,22,0,0,0.8,273.0,170.0,443.8,4.227,https://m.kejinshou.com/goods/details/35814988
176,306,7881,201612613534310,70.0,47,10,0,0,2.45,222.75,70.0,295.2,4.217,https://search.7881.com/201612613534310.html
177,285,kejinshou,28748185,90.0,55,13,0,0,0.0,254.6,120.0,374.6,4.162,https://m.kejinshou.com/goods/details/28748185
178,234,kejinshou,34740908,126.0,0,20,0,0,0.0,363.0,160.0,523.0,4.151,https://m.kejinshou.com/goods/details/34740908
179,215,kejinshou,34414497,135.0,57,27,0,0,0.86,419.25,140.0,560.11,4.149,https://m.kejinshou.com/goods/details/34414497
180,195,kejinshou,33879141,150.0,66,19,1,100,6.66,409.95,104.0,620.61,4.137,https://m.kejinshou.com/goods/details/33879141
181,225,kejinshou,34306836,130.0,59,26,0,0,6.41,417.95,113.0,537.36,4.134,https://m.kejinshou.com/goods/details/34306836
182,226,kejinshou,35196911,130.0,60,23,0,0,0.61,382.6,154.0,537.21,4.132,https://m.kejinshou.com/goods/details/35196911
183,246,kejinshou,34537161,120.0,77,24,0,0,0.0,303.0,190.0,493.0,4.108,https://m.kejinshou.com/goods/details/34537161
184,299,kejinshou,34531972,80.0,70,18,0,0,0.0,196.0,130.0,326.0,4.075,https://m.kejinshou.com/goods/details/34531972
185,300,kejinshou,8107396,80.0,70,18,0,0,0.0,196.0,130.0,326.0,4.075,https://m.kejinshou.com/goods/details/8107396
186,265,kejinshou,35872022,105.0,62,17,0,0,1.33,324.0,100.0,425.33,4.051,https://m.kejinshou.com/goods/details/35872022
187,232,kejinshou,35938493,130.0,53,14,0,0,0.24,354.3,170.0,524.54,4.035,https://m.kejinshou.com/goods/details/35938493
188,16,7881,201612613373878,545.0,80,52,3,300,0.0,1348.4,549.0,2197.4,4.032,https://search.7881.com/201612613373878.html
189,235,kejinshou,34884901,130.0,52,18,0,0,0.55,387.55,133.0,521.1,4.008,https://m.kejinshou.com/goods/details/34884901
190,214,kejinshou,34848699,140.0,71,23,0,0,1.33,467.0,92.0,560.33,4.002,https://m.kejinshou.com/goods/details/34848699
191,191,kejinshou,30206647,160.0,67,19,0,0,0.0,504.1,133.0,637.1,3.982,https://m.kejinshou.com/goods/details/30206647
192,216,kejinshou,35213354,140.0,58,13,0,0,0.72,388.45,168.0,557.17,3.98,https://m.kejinshou.com/goods/details/35213354
193,238,kejinshou,28777538,130.0,80,25,0,0,0.0,366.6,150.0,516.6,3.974,https://m.kejinshou.com/goods/details/28777538
194,241,kejinshou,35619888,127.0,65,15,0,0,0.0,330.6,172.0,502.6,3.957,https://m.kejinshou.com/goods/details/35619888
195,283,kejinshou,34222350,95.0,45,13,0,0,6.56,299.4,70.0,375.96,3.957,https://m.kejinshou.com/goods/details/34222350
196,293,kejinshou,35847332,88.0,54,16,0,0,0.0,305.6,40.0,345.6,3.927,https://m.kejinshou.com/goods/details/35847332
197,194,kejinshou,34541240,160.0,62,21,0,0,0.0,426.0,200.0,626.0,3.913,https://m.kejinshou.com/goods/details/34541240
198,200,kejinshou,34540788,158.0,59,20,0,0,0.0,477.6,140.0,617.6,3.909,https://m.kejinshou.com/goods/details/34540788
199,205,kejinshou,34537500,150.0,79,23,0,0,0.0,322.0,260.0,582.0,3.88,https://m.kejinshou.com/goods/details/34537500
200,20,7881,201612613622082,550.0,80,54,4,400,12.81,1180.8,535.0,2128.61,3.87,https://search.7881.com/201612613622082.html
201,77,7881,201612613453336,298.0,68,32,1,100,2.46,744.4,300.0,1146.86,3.849,https://search.7881.com/201612613453336.html
202,251,7881,201612613541980,120.0,54,19,0,0,4.01,401.3,53.0,458.31,3.819,https://search.7881.com/201612613541980.html
203,253,kejinshou,34532026,120.0,80,27,0,0,0.0,303.6,154.0,457.6,3.813,https://m.kejinshou.com/goods/details/34532026
204,325,kejinshou,35947450,50.0,46,8,0,0,2.16,128.2,60.0,190.36,3.807,https://m.kejinshou.com/goods/details/35947450
205,256,kejinshou,34424409,118.0,54,22,0,0,1.19,356.9,90.0,448.09,3.797,https://m.kejinshou.com/goods/details/34424409
206,311,kejinshou,30630667,70.0,53,8,0,0,0.0,212.8,50.0,262.8,3.754,https://m.kejinshou.com/goods/details/30630667
207,219,kejinshou,35427263,150.0,55,19,0,0,0.42,431.05,123.0,554.47,3.696,https://m.kejinshou.com/goods/details/35427263
208,274,kejinshou,34348916,110.0,37,17,0,0,0.24,367.6,30.0,397.84,3.617,https://m.kejinshou.com/goods/details/34348916
209,327,kejinshou,5792972,45.0,47,10,0,0,0.0,122.7,40.0,162.7,3.616,https://m.kejinshou.com/goods/details/5792972
210,314,kejinshou,34531879,70.0,55,17,0,0,0.0,153.0,100.0,253.0,3.614,https://m.kejinshou.com/goods/details/34531879
211,262,kejinshou,28777639,120.0,69,20,0,0,0.0,283.6,150.0,433.6,3.613,https://m.kejinshou.com/goods/details/28777639
212,289,kejinshou,35909455,100.0,17,6,0,0,3.67,356.3,0.0,359.97,3.6,https://m.kejinshou.com/goods/details/35909455
213,209,kejinshou,30191264,160.0,76,21,0,0,0.0,375.6,200.0,575.6,3.598,https://m.kejinshou.com/goods/details/30191264
214,284,kejinshou,34222519,105.0,47,18,0,0,0.36,336.3,39.0,375.66,3.578,https://m.kejinshou.com/goods/details/34222519
215,39,7881,201612613517408,450.0,80,54,1,100,76.73,973.95,454.5,1605.18,3.567,https://search.7881.com/201612613517408.html
216,227,kejinshou,34537280,150.0,73,22,0,0,0.0,330.0,200.0,530.0,3.533,https://m.kejinshou.com/goods/details/34537280
217,229,kejinshou,34312816,150.0,54,25,0,0,11.11,415.0,103.0,529.11,3.527,https://m.kejinshou.com/goods/details/34312816
218,266,kejinshou,34532132,120.0,80,24,0,0,0.0,273.2,150.0,423.2,3.527,https://m.kejinshou.com/goods/details/34532132
219,268,kejinshou,29268574,120.0,56,17,0,0,0.0,348.6,70.0,418.6,3.488,https://m.kejinshou.com/goods/details/29268574
220,298,kejinshou,35956248,95.0,54,17,0,0,0.0,279.6,49.0,328.6,3.459,https://m.kejinshou.com/goods/details/35956248
221,303,7881,201612613403519,90.0,51,11,0,0,0.28,151.0,160.0,311.28,3.459,https://search.7881.com/201612613403519.html
222,166,7881,201612607937610,215.0,64,27,0,0,9.01,540.6,190.0,739.61,3.44,https://search.7881.com/201612607937610.html
223,257,kejinshou,34535903,130.0,70,19,0,0,0.0,285.8,160.0,445.8,3.429,https://m.kejinshou.com/goods/details/34535903
224,263,kejinshou,35930811,126.0,62,18,0,0,0.01,331.0,100.0,431.01,3.421,https://m.kejinshou.com/goods/details/35930811
225,2,7881,201612613489453,999.0,80,78,8,800,0.96,1823.0,781.0,3404.96,3.408,https://search.7881.com/201612613489453.html
226,260,kejinshou,34536000,130.0,64,18,0,0,0.0,247.0,192.0,439.0,3.377,https://m.kejinshou.com/goods/details/34536000
227,31,7881,201612613373988,545.0,80,51,2,200,0.0,1125.3,503.0,1828.3,3.355,https://search.7881.com/201612613373988.html
228,86,7881,201612613605238,327.0,80,41,0,0,0.0,794.8,294.0,1088.8,3.33,https://search.7881.com/201612613605238.html
229,243,kejinshou,35327470,150.0,51,10,0,0,1.11,375.8,120.0,496.91,3.313,https://m.kejinshou.com/goods/details/35327470
230,323,kejinshou,34532239,60.0,62,18,0,0,0.0,118.8,80.0,198.8,3.313,https://m.kejinshou.com/goods/details/34532239
231,287,kejinshou,35778573,110.0,47,14,0,0,0.02,282.0,80.0,362.02,3.291,https://m.kejinshou.com/goods/details/35778573
232,23,7881,201612612308239,630.0,80,25,4,400,186.85,1182.0,300.0,2068.85,3.284,https://search.7881.com/201612612308239.html
233,55,7881,201612595843227,425.0,80,48,1,100,4.64,841.0,443.0,1388.64,3.267,https://search.7881.com/201612595843227.html
234,21,7881,201612613554150,650.0,80,55,5,500,0.0,1337.5,284.5,2122.0,3.265,https://search.7881.com/201612613554150.html
235,69,7881,201612613574324,380.0,76,28,2,200,0.36,780.0,253.0,1233.36,3.246,https://search.7881.com/201612613574324.html
236,187,7881,201612613414763,200.0,52,16,0,0,18.58,440.7,190.0,649.28,3.246,https://search.7881.com/201612613414763.html
237,46,7881,201612608028422,460.0,75,27,3,300,0.18,885.85,303.0,1489.03,3.237,https://search.7881.com/201612608028422.html
238,254,kejinshou,34536809,140.0,76,20,0,0,0.0,253.0,200.0,453.0,3.236,https://m.kejinshou.com/goods/details/34536809
239,313,kejinshou,31643313,80.0,43,7,0,0,0.23,217.5,40.0,257.73,3.222,https://m.kejinshou.com/goods/details/31643313
240,270,kejinshou,35268418,130.0,49,12,0,0,21.21,292.65,100.0,413.86,3.184,https://m.kejinshou.com/goods/details/35268418
241,304,kejinshou,35211574,98.0,45,8,0,0,0.01,230.4,80.0,310.41,3.167,https://m.kejinshou.com/goods/details/35211574
242,41,7881,201612613433630,499.0,80,26,3,300,121.37,930.0,228.0,1579.37,3.165,https://search.7881.com/201612613433630.html
243,315,kejinshou,8107413,80.0,55,17,0,0,0.0,153.0,100.0,253.0,3.163,https://m.kejinshou.com/goods/details/8107413
244,302,7881,201612613610744,100.0,48,7,0,0,0.73,241.0,70.0,311.73,3.117,https://search.7881.com/201612613610744.html
245,17,7881,201612613579430,710.0,80,63,2,200,118.39,1212.7,663.0,2194.09,3.09,https://search.7881.com/201612613579430.html
246,6,7881,201612599874461,900.0,80,61,6,600,7.41,1671.3,500.0,2778.71,3.087,https://search.7881.com/201612599874461.html
247,250,kejinshou,35475027,150.0,50,17,0,0,13.88,332.35,113.0,459.22,3.061,https://m.kejinshou.com/goods/details/35475027
248,81,7881,201612613621268,370.0,60,26,0,0,4.34,894.0,230.0,1128.34,3.05,https://search.7881.com/201612613621268.html
249,326,kejinshou,32466872,55.0,44,7,0,0,5.61,131.8,30.0,167.41,3.044,https://m.kejinshou.com/goods/details/32466872
250,22,7881,201612609085142,699.0,80,56,2,200,200.19,1144.55,557.0,2101.74,3.007,https://search.7881.com/201612609085142.html
251,277,kejinshou,31318912,130.0,53,19,0,0,0.31,304.7,83.0,388.01,2.985,https://m.kejinshou.com/goods/details/31318912
252,32,7881,201612613373605,605.0,80,61,2,200,0.0,1021.4,574.0,1795.4,2.968,https://search.7881.com/201612613373605.html
253,51,7881,201612576141020,480.0,80,43,1,100,0.3,966.0,354.0,1420.3,2.959,https://search.7881.com/201612576141020.html
254,261,kejinshou,35845660,150.0,48,13,0,0,0.77,366.1,70.0,436.87,2.912,https://m.kejinshou.com/goods/details/35845660
255,248,kejinshou,35012818,160.0,55,14,0,0,6.02,308.65,150.0,464.67,2.904,https://m.kejinshou.com/goods/details/35012818
256,131,7881,201612613450065,300.0,72,25,1,100,10.56,507.6,250.0,868.16,2.894,https://search.7881.com/201612613450065.html
257,4,7881,201612613372525,1074.0,80,77,6,600,0.0,1604.3,885.0,3089.3,2.876,https://search.7881.com/201612613372525.html
258,307,kejinshou,29665271,100.0,63,14,0,0,0.0,204.1,80.0,284.1,2.841,https://m.kejinshou.com/goods/details/29665271
259,52,7881,201612613435083,500.0,80,38,2,200,0.0,1002.4,203.0,1405.4,2.811,https://search.7881.com/201612613435083.html
260,295,kejinshou,34531864,120.0,71,20,0,0,0.0,195.0,140.0,335.0,2.792,https://m.kejinshou.com/goods/details/34531864
261,296,kejinshou,8107436,120.0,71,20,0,0,0.0,195.0,140.0,335.0,2.792,https://m.kejinshou.com/goods/details/8107436
262,309,kejinshou,34531850,100.0,72,20,0,0,0.0,179.0,100.0,279.0,2.79,https://m.kejinshou.com/goods/details/34531850
263,288,kejinshou,35015598,130.0,54,14,0,0,0.14,330.45,30.0,360.59,2.774,https://m.kejinshou.com/goods/details/35015598
264,9,7881,201612613372218,968.0,80,70,4,400,0.0,1587.25,693.0,2680.25,2.769,https://search.7881.com/201612613372218.html
265,57,7881,201612613568345,500.0,71,31,3,300,5.66,853.7,223.0,1382.36,2.765,https://search.7881.com/201612613568345.html
266,140,7881,201612613391646,300.0,70,32,1,100,29.43,504.0,188.0,821.43,2.738,https://search.7881.com/201612613391646.html
267,85,7881,201612613540402,400.0,71,27,2,200,2.05,688.4,203.0,1093.45,2.734,https://search.7881.com/201612613540402.html
268,286,kejinshou,35165795,135.0,47,13,0,0,0.39,327.6,40.0,367.99,2.726,https://m.kejinshou.com/goods/details/35165795
269,292,kejinshou,34536735,130.0,68,18,0,0,0.0,186.0,160.0,346.0,2.662,https://m.kejinshou.com/goods/details/34536735
270,228,7881,201612613591515,200.0,52,21,0,0,10.82,349.0,170.0,529.82,2.649,https://search.7881.com/201612613591515.html
271,8,7881,201612613371616,1029.0,80,61,6,600,0.0,1606.55,493.0,2699.55,2.623,https://search.7881.com/201612613371616.html
272,322,kejinshou,32515163,80.0,41,12,0,0,0.05,188.2,20.0,208.25,2.603,https://m.kejinshou.com/goods/details/32515163
273,10,7881,201612613535622,1000.0,80,68,4,400,126.86,1497.25,542.5,2566.61,2.567,https://search.7881.com/201612613535622.html
274,280,kejinshou,34008133,150.0,45,18,0,0,6.56,271.6,104.0,382.16,2.548,https://m.kejinshou.com/goods/details/34008133
275,281,kejinshou,34129569,150.0,58,25,0,0,0.41,258.3,123.0,381.71,2.545,https://m.kejinshou.com/goods/details/34129569
276,320,kejinshou,34700534,90.0,38,5,0,0,7.33,138.3,80.0,225.62,2.507,https://m.kejinshou.com/goods/details/34700534
277,242,7881,201612612505755,201.0,57,15,0,0,2.79,398.3,100.0,501.09,2.493,https://search.7881.com/201612612505755.html
278,294,kejinshou,34537260,135.0,67,19,0,0,0.0,226.0,110.0,336.0,2.489,https://m.kejinshou.com/goods/details/34537260
279,329,kejinshou,7251602,60.0,54,10,0,0,0.0,119.1,30.0,149.1,2.485,https://m.kejinshou.com/goods/details/7251602
280,48,7881,201612613471899,589.0,80,44,1,100,8.69,959.55,394.0,1462.24,2.483,https://search.7881.com/201612613471899.html
281,330,kejinshou,33360240,60.0,46,10,0,0,0.68,136.2,10.0,146.88,2.448,https://m.kejinshou.com/goods/details/33360240
282,28,7881,201612613457462,780.0,80,48,3,300,201.41,1087.0,313.0,1901.41,2.438,https://search.7881.com/201612613457462.html
283,70,7881,201612613567595,500.0,80,39,0,0,0.0,895.6,313.0,1208.6,2.417,https://search.7881.com/201612613567595.html
284,47,7881,201612613595456,632.0,80,41,0,0,0.73,1099.7,380.0,1480.43,2.342,https://search.7881.com/201612613595456.html
285,71,7881,201612611475001,520.0,74,34,1,100,6.33,807.0,293.0,1206.33,2.32,https://search.7881.com/201612611475001.html
286,56,7881,201612613583464,600.0,80,39,0,0,0.76,1024.6,363.0,1388.36,2.314,https://search.7881.com/201612613583464.html
287,319,kejinshou,34057745,100.0,48,12,0,0,0.11,206.3,20.0,226.41,2.264,https://m.kejinshou.com/goods/details/34057745
288,155,7881,201612613442607,350.0,80,24,0,0,0.0,700.3,80.0,780.3,2.229,https://search.7881.com/201612613442607.html
289,43,7881,201612613418133,700.0,80,55,1,100,15.81,1007.4,423.0,1546.21,2.209,https://search.7881.com/201612613418133.html
290,7,7881,201612613435234,1250.0,80,66,5,500,0.0,1713.2,547.0,2760.2,2.208,https://search.7881.com/201612613435234.html
291,87,7881,201612613567498,500.0,80,45,1,100,0.0,762.8,225.5,1088.3,2.177,https://search.7881.com/201612613567498.html
292,105,7881,201612613427049,450.0,80,37,0,0,7.78,636.45,334.0,978.23,2.174,https://search.7881.com/201612613427049.html
293,218,7881,201612613452517,260.0,70,14,0,0,11.57,395.45,148.0,555.02,2.135,https://search.7881.com/201612613452517.html
294,301,kejinshou,34592262,150.0,66,17,0,0,4.82,244.1,70.0,318.92,2.126,https://m.kejinshou.com/goods/details/34592262
295,25,7881,201612611960702,966.0,80,62,1,100,37.58,1334.8,561.0,2033.38,2.105,https://search.7881.com/201612611960702.html
296,11,7881,201612613490762,1200.0,80,72,5,500,16.1,1279.15,705.0,2500.25,2.084,https://search.7881.com/201612613490762.html
297,27,7881,201612613372334,968.0,80,79,0,0,0.0,1398.85,593.0,1991.85,2.058,https://search.7881.com/201612613372334.html
298,305,kejinshou,31454193,150.0,57,14,0,0,0.2,279.6,20.0,299.8,1.999,https://m.kejinshou.com/goods/details/31454193
299,324,kejinshou,8107380,100.0,62,18,0,0,0.0,118.8,80.0,198.8,1.988,https://m.kejinshou.com/goods/details/8107380
300,18,7881,201612613456048,1100.0,80,64,3,300,102.28,1250.6,533.0,2185.88,1.987,https://search.7881.com/201612613456048.html
301,3,7881,201612613526024,1699.0,80,77,7,700,6.58,1984.75,683.0,3374.33,1.986,https://search.7881.com/201612613526024.html
302,310,kejinshou,8107387,150.0,72,20,0,0,0.0,179.0,100.0,279.0,1.86,https://m.kejinshou.com/goods/details/8107387
303,199,7881,201612613594623,341.0,62,22,0,0,0.0,488.4,130.0,618.4,1.813,https://search.7881.com/201612613594623.html
304,40,7881,201612613389707,888.0,80,36,2,200,81.39,934.05,383.0,1598.44,1.8,https://search.7881.com/201612613389707.html
305,318,kejinshou,34738585,129.0,0,18,0,0,0.0,169.8,60.0,229.8,1.781,https://m.kejinshou.com/goods/details/34738585
306,68,7881,201612613623987,700.0,80,45,0,0,0.09,783.3,458.0,1241.39,1.773,https://search.7881.com/201612613623987.html
307,172,7881,201612613541047,400.0,71,27,0,0,10.1,523.1,173.0,706.2,1.766,https://search.7881.com/201612613541047.html
308,269,7881,201612590355253,250.0,56,21,0,0,5.92,277.25,133.0,416.17,1.665,https://search.7881.com/201612590355253.html
309,335,kejinshou,35867734,49.0,41,6,0,0,0.46,60.3,20.0,80.76,1.648,https://m.kejinshou.com/goods/details/35867734
310,33,7881,201612613372407,1065.0,80,47,1,100,0.0,1242.4,397.0,1739.4,1.633,https://search.7881.com/201612613372407.html
311,337,kejinshou,33315356,50.0,35,6,0,0,1.76,73.6,0.0,75.36,1.507,https://m.kejinshou.com/goods/details/33315356
312,316,kejinshou,35621007,159.0,0,22,0,0,0.0,105.0,130.0,235.0,1.478,https://m.kejinshou.com/goods/details/35621007
313,5,7881,201612613550463,2000.0,80,86,4,400,24.34,1747.75,763.0,2935.09,1.468,https://search.7881.com/201612613550463.html
314,29,7881,201612613575595,1300.0,80,68,3,300,27.63,1099.7,435.0,1862.33,1.433,https://search.7881.com/201612613575595.html
315,290,7881,201612613512640,257.0,60,24,0,0,0.0,278.0,80.0,358.0,1.393,https://search.7881.com/201612613512640.html
316,44,7881,201612613481450,1100.0,80,52,1,100,3.21,967.2,440.5,1510.91,1.374,https://search.7881.com/201612613481450.html
317,14,7881,201612613621603,1800.0,80,66,4,400,7.68,1494.6,472.5,2374.78,1.319,https://search.7881.com/201612613621603.html
318,35,7881,201612613436951,1300.0,80,49,3,300,0.0,1200.75,177.0,1677.75,1.291,https://search.7881.com/201612613436951.html
319,64,7881,201612613599245,1000.0,73,31,2,200,1.36,824.4,223.0,1248.76,1.249,https://search.7881.com/201612613599245.html
320,332,kejinshou,5705689,100.0,49,10,0,0,0.0,100.3,20.0,120.3,1.203,https://m.kejinshou.com/goods/details/5705689
321,34,7881,201612613495822,1420.0,80,65,1,100,13.65,1092.4,473.0,1679.05,1.182,https://search.7881.com/201612613495822.html
322,136,7881,201612590434051,700.0,76,23,0,0,296.57,381.6,149.0,827.17,1.182,https://search.7881.com/201612590434051.html
323,75,7881,201612613602490,999.0,80,51,0,0,1.17,842.45,313.0,1156.62,1.158,https://search.7881.com/201612613602490.html
324,210,7881,201612613394736,500.0,64,20,0,0,1.44,433.4,140.0,574.84,1.15,https://search.7881.com/201612613394736.html
325,19,7881,201612613371759,1921.0,80,87,1,100,0.0,1501.55,581.0,2182.55,1.136,https://search.7881.com/201612613371759.html
326,328,kejinshou,5781254,150.0,53,13,0,0,0.0,111.0,50.0,161.0,1.073,https://m.kejinshou.com/goods/details/5781254
327,333,kejinshou,35402088,110.0,34,5,0,0,15.18,73.0,20.0,108.18,0.983,https://m.kejinshou.com/goods/details/35402088
328,331,kejinshou,34661982,150.0,50,8,0,0,17.0,96.3,20.0,133.3,0.889,https://m.kejinshou.com/goods/details/34661982
329,42,7881,201612609658151,1888.0,77,47,1,100,0.89,1124.55,353.0,1578.44,0.836,https://search.7881.com/201612609658151.html
330,336,kejinshou,4491438,100.0,30,5,0,0,0.0,80.6,0.0,80.6,0.806,https://m.kejinshou.com/goods/details/4491438
331,15,7881,201612613434587,3100.0,80,90,4,400,0.0,1537.0,272.5,2209.5,0.713,https://search.7881.com/201612613434587.html
332,321,7881,201612613528347,325.0,48,12,0,0,0.0,188.0,30.0,218.0,0.671,https://search.7881.com/201612613528347.html
333,334,kejinshou,33940315,150.0,35,13,0,0,1.68,77.3,10.0,88.97,0.593,https://m.kejinshou.com/goods/details/33940315
334,13,7881,201612613554745,4300.0,80,63,3,300,8.07,1602.6,523.0,2433.67,0.566,https://search.7881.com/201612613554745.html
335,72,7881,201612613624659,2555.0,80,33,0,0,646.51,340.5,214.0,1201.01,0.47,https://search.7881.com/201612613624659.html
336,1,7881,201612613620916,17477.0,80,254,9,900,0.0,3880.0,1718.0,6498.0,0.372,https://search.7881.com/201612613620916.html
337,26,7881,201612613538863,10000.0,80,50,4,400,0.57,1229.0,384.0,2013.57,0.201,https://search.7881.com/201612613538863.html
338,338,pzds,MCHKYJ,0,0,0,0,0,0.0,0,0,0.0,0.0,https://www.pzds.com/goodsDetails/MCHKYJ/6?from=%E5%95%86%E5%93%81%E5%88%97%E8%A1%A8
339,339,pzds,MC21SN,0,0,0,0,0,0.0,0,0,0.0,0.0,https://www.pzds.com/goodsDetails/MC21SN/6?from=%E5%95%86%E5%93%81%E5%88%97%E8%A1%A8
340,340,pzds,MC49PJ,0,0,0,0,0,0.0,0,0,0.0,0.0,https://www.pzds.com/goodsDetails/MC49PJ/6?from=%E5%95%86%E5%93%81%E5%88%97%E8%A1%A8
341,341,pzds,MC8F5C,0,0,0,0,0,0.0,0,0,0.0,0.0,https://www.pzds.com/goodsDetails/MC8F5C/6?from=%E5%95%86%E5%93%81%E5%88%97%E8%A1%A8
342,342,pzds,MC193N,0,0,0,0,0,0.0,0,0,0.0,0.0,https://www.pzds.com/goodsDetails/MC193N/6?from=%E5%95%86%E5%93%81%E5%88%97%E8%A1%A8
343,343,pzds,MC7DG1,0,0,0,0,0,0.0,0,0,0.0,0.0,https://www.pzds.com/goodsDetails/MC7DG1/6?from=%E5%95%86%E5%93%81%E5%88%97%E8%A1%A8
344,344,pzds,MC37G5,0,0,0,0,0,0.0,0,0,0.0,0.0,https://www.pzds.com/goodsDetails/MC37G5/6?from=%E5%95%86%E5%93%81%E5%88%97%E8%A1%A8
345,345,pzds,MCFXRQ,0,0,0,0,0,0.0,0,0,0.0,0.0,https://www.pzds.com/goodsDetails/MCFXRQ/6?from=%E5%95%86%E5%93%81%E5%88%97%E8%A1%A8
346,346,pzds,MC4A57,0,0,0,0,0,0.0,0,0,0.0,0.0,https://www.pzds.com/goodsDetails/MC4A57/6?from=%E5%95%86%E5%93%81%E5%88%97%E8%A1%A8
347,347,pzds,MC4KHZ,0,0,0,0,0,0.0,0,0,0.0,0.0,https://www.pzds.com/goodsDetails/MC4KHZ/6?from=%E5%95%86%E5%93%81%E5%88%97%E8%A1%A8
348,348,pzds,MC691P,0,0,0,0,0,0.0,0,0,0.0,0.0,https://www.pzds.com/goodsDetails/MC691P/6?from=%E5%95%86%E5%93%81%E5%88%97%E8%A1%A8
349,349,pzds,MCCN04,0,0,0,0,0,0.0,0,0,0.0,0.0,https://www.pzds.com/goodsDetails/MCCN04/6?from=%E5%95%86%E5%93%81%E5%88%97%E8%A1%A8
350,350,pzds,MCG8KV,0,0,0,0,0,0.0,0,0,0.0,0.0,https://www.pzds.com/goodsDetails/MCG8KV/6?from=%E5%95%86%E5%93%81%E5%88%97%E8%A1%A8
351,351,pzds,MCANT7,0,0,0,0,0,0.0,0,0,0.0,0.0,https://www.pzds.com/goodsDetails/MCANT7/6?from=%E5%95%86%E5%93%81%E5%88%97%E8%A1%A8
352,352,pzds,MCGC31,0,0,0,0,0,0.0,0,0,0.0,0.0,https://www.pzds.com/goodsDetails/MCGC31/6?from=%E5%95%86%E5%93%81%E5%88%97%E8%A1%A8
353,353,pzds,MCHUL5,0,0,0,0,0,0.0,0,0,0.0,0.0,https://www.pzds.com/goodsDetails/MCHUL5/6?from=%E5%95%86%E5%93%81%E5%88%97%E8%A1%A8
354,354,pzds,MC1LQZ,0,0,0,0,0,0.0,0,0,0.0,0.0,https://www.pzds.com/goodsDetails/MC1LQZ/6?from=%E5%95%86%E5%93%81%E5%88%97%E8%A1%A8
355,355,pzds,MCH51L,0,0,0,0,0,0.0,0,0,0.0,0.0,https://www.pzds.com/goodsDetails/MCH51L/6?from=%E5%95%86%E5%93%81%E5%88%97%E8%A1%A8
356,356,pzds,MCE6CB,0,0,0,0,0,0.0,0,0,0.0,0.0,https://www.pzds.com/goodsDetails/MCE6CB/6?from=%E5%95%86%E5%93%81%E5%88%97%E8%A1%A8
357,357,pzds,MC2GLP,0,0,0,0,0,0.0,0,0,0.0,0.0,https://www.pzds.com/goodsDetails/MC2GLP/6?from=%E5%95%86%E5%93%81%E5%88%97%E8%A1%A8
358,358,pzds,MCG66G,0,0,0,0,0,0.0,0,0,0.0,0.0,https://www.pzds.com/goodsDetails/MCG66G/6?from=%E5%95%86%E5%93%81%E5%88%97%E8%A1%A8
359,359,pzds,MC3AKE,0,0,0,0,0,0.0,0,0,0.0,0.0,https://www.pzds.com/goodsDetails/MC3AKE/6?from=%E5%95%86%E5%93%81%E5%88%97%E8%A1%A8
360,360,pzds,MC38PZ,0,0,0,0,0,0.0,0,0,0.0,0.0,https://www.pzds.com/goodsDetails/MC38PZ/6?from=%E5%95%86%E5%93%81%E5%88%97%E8%A1%A8
361,361,pzds,MC1E9V,0,0,0,0,0,0.0,0,0,0.0,0.0,https://www.pzds.com/goodsDetails/MC1E9V/6?from=%E5%95%86%E5%93%81%E5%88%97%E8%A1%A8
362,362,pzds,MC86Q4,0,0,0,0,0,0.0,0,0,0.0,0.0,https://www.pzds.com/goodsDetails/MC86Q4/6?from=%E5%95%86%E5%93%81%E5%88%97%E8%A1%A8
363,363,pzds,MCDWK2,0,0,0,0,0,0.0,0,0,0.0,0.0,https://www.pzds.com/goodsDetails/MCDWK2/6?from=%E5%95%86%E5%93%81%E5%88%97%E8%A1%A8
364,364,pzds,MC6EAK,0,0,0,0,0,0.0,0,0,0.0,0.0,https://www.pzds.com/goodsDetails/MC6EAK/6?from=%E5%95%86%E5%93%81%E5%88%97%E8%A1%A8
365,365,pzds,MCH4QE,0,0,0,0,0,0.0,0,0,0.0,0.0,https://www.pzds.com/goodsDetails/MCH4QE/6?from=%E5%95%86%E5%93%81%E5%88%97%E8%A1%A8
366,366,pzds,MC8N2V,0,0,0,0,0,0.0,0,0,0.0,0.0,https://www.pzds.com/goodsDetails/MC8N2V/6?from=%E5%95%86%E5%93%81%E5%88%97%E8%A1%A8
367,367,pzds,MC0Q05,0,0,0,0,0,0.0,0,0,0.0,0.0,https://www.pzds.com/goodsDetails/MC0Q05/6?from=%E5%95%86%E5%93%81%E5%88%97%E8%A1%A8
368,368,pzds,MC4K9D,0,0,0,0,0,0.0,0,0,0.0,0.0,https://www.pzds.com/goodsDetails/MC4K9D/6?from=%E5%95%86%E5%93%81%E5%88%97%E8%A1%A8
369,369,pzds,MCA6F9,0,0,0,0,0,0.0,0,0,0.0,0.0,https://www.pzds.com/goodsDetails/MCA6F9/6?from=%E5%95%86%E5%93%81%E5%88%97%E8%A1%A8
370,370,pzds,MC1T96,0,0,0,0,0,0.0,0,0,0.0,0.0,https://www.pzds.com/goodsDetails/MC1T96/6?from=%E5%95%86%E5%93%81%E5%88%97%E8%A1%A8
371,371,pzds,MC8H16,0,0,0,0,0,0.0,0,0,0.0,0.0,https://www.pzds.com/goodsDetails/MC8H16/6?from=%E5%95%86%E5%93%81%E5%88%97%E8%A1%A8
372,372,pzds,MCEUYB,0,0,0,0,0,0.0,0,0,0.0,0.0,https://www.pzds.com/goodsDetails/MCEUYB/6?from=%E5%95%86%E5%93%81%E5%88%97%E8%A1%A8
373,373,pzds,MC28W6,0,0,0,0,0,0.0,0,0,0.0,0.0,https://www.pzds.com/goodsDetails/MC28W6/6?from=%E5%95%86%E5%93%81%E5%88%97%E8%A1%A8
374,374,pzds,MCAEK4,0,0,0,0,0,0.0,0,0,0.0,0.0,https://www.pzds.com/goodsDetails/MCAEK4/6?from=%E5%95%86%E5%93%81%E5%88%97%E8%A1%A8
375,375,pzds,MCHKTB,0,0,0,0,0,0.0,0,0,0.0,0.0,https://www.pzds.com/goodsDetails/MCHKTB/6?from=%E5%95%86%E5%93%81%E5%88%97%E8%A1%A8
376,376,pzds,MC29JZ,0,0,0,0,0,0.0,0,0,0.0,0.0,https://www.pzds.com/goodsDetails/MC29JZ/6?from=%E5%95%86%E5%93%81%E5%88%97%E8%A1%A8
377,377,pzds,MC4SF7,0,0,0,0,0,0.0,0,0,0.0,0.0,https://www.pzds.com/goodsDetails/MC4SF7/6?from=%E5%95%86%E5%93%81%E5%88%97%E8%A1%A8
378,378,pzds,MC4K1N,0,0,0,0,0,0.0,0,0,0.0,0.0,https://www.pzds.com/goodsDetails/MC4K1N/6?from=%E5%95%86%E5%93%81%E5%88%97%E8%A1%A8
379,379,pzds,MCB8QS,0,0,0,0,0,0.0,0,0,0.0,0.0,https://www.pzds.com/goodsDetails/MCB8QS/6?from=%E5%95%86%E5%93%81%E5%88%97%E8%A1%A8
380,380,pzds,MCC7XG,0,0,0,0,0,0.0,0,0,0.0,0.0,https://www.pzds.com/goodsDetails/MCC7XG/6?from=%E5%95%86%E5%93%81%E5%88%97%E8%A1%A8
381,381,pzds,MC5VDP,0,0,0,0,0,0.0,0,0,0.0,0.0,https://www.pzds.com/goodsDetails/MC5VDP/6?from=%E5%95%86%E5%93%81%E5%88%97%E8%A1%A8
382,382,pzds,MC4KEU,0,0,0,0,0,0.0,0,0,0.0,0.0,https://www.pzds.com/goodsDetails/MC4KEU/6?from=%E5%95%86%E5%93%81%E5%88%97%E8%A1%A8
383,383,pzds,MC9T5Z,0,0,0,0,0,0.0,0,0,0.0,0.0,https://www.pzds.com/goodsDetails/MC9T5Z/6?from=%E5%95%86%E5%93%81%E5%88%97%E8%A1%A8
384,384,pzds,MCAD8V,0,0,0,0,0,0.0,0,0,0.0,0.0,https://www.pzds.com/goodsDetails/MCAD8V/6?from=%E5%95%86%E5%93%81%E5%88%97%E8%A1%A8
385,385,pzds,MCEQ64,0,0,0,0,0,0.0,0,0,0.0,0.0,https://www.pzds.com/goodsDetails/MCEQ64/6?from=%E5%95%86%E5%93%81%E5%88%97%E8%A1%A8
386,386,pzds,MC9Y04,0,0,0,0,0,0.0,0,0,0.0,0.0,https://www.pzds.com/goodsDetails/MC9Y04/6?from=%E5%95%86%E5%93%81%E5%88%97%E8%A1%A8
387,387,pzds,MCBXEM,0,0,0,0,0,0.0,0,0,0.0,0.0,https://www.pzds.com/goodsDetails/MCBXEM/6?from=%E5%95%86%E5%93%81%E5%88%97%E8%A1%A8
388,388,pzds,MCCS4E,0,0,0,0,0,0.0,0,0,0.0,0.0,https://www.pzds.com/goodsDetails/MCCS4E/6?from=%E5%95%86%E5%93%81%E5%88%97%E8%A1%A8
389,389,pzds,MCGMNA,0,0,0,0,0,0.0,0,0,0.0,0.0,https://www.pzds.com/goodsDetails/MCGMNA/6?from=%E5%95%86%E5%93%81%E5%88%97%E8%A1%A8
390,390,pzds,MC1GRX,0,0,0,0,0,0.0,0,0,0.0,0.0,https://www.pzds.com/goodsDetails/MC1GRX/6?from=%E5%95%86%E5%93%81%E5%88%97%E8%A1%A8
391,391,pzds,MC3F6V,0,0,0,0,0,0.0,0,0,0.0,0.0,https://www.pzds.com/goodsDetails/MC3F6V/6?from=%E5%95%86%E5%93%81%E5%88%97%E8%A1%A8
392,392,pzds,MCB6FQ,0,0,0,0,0,0.0,0,0,0.0,0.0,https://www.pzds.com/goodsDetails/MCB6FQ/6?from=%E5%95%86%E5%93%81%E5%88%97%E8%A1%A8
393,393,pzds,MCCBL2,0,0,0,0,0,0.0,0,0,0.0,0.0,https://www.pzds.com/goodsDetails/MCCBL2/6?from=%E5%95%86%E5%93%81%E5%88%97%E8%A1%A8
394,394,pzds,MCC3YR,0,0,0,0,0,0.0,0,0,0.0,0.0,https://www.pzds.com/goodsDetails/MCC3YR/6?from=%E5%95%86%E5%93%81%E5%88%97%E8%A1%A8
395,395,pzds,MC1LTX,0,0,0,0,0,0.0,0,0,0.0,0.0,https://www.pzds.com/goodsDetails/MC1LTX/6?from=%E5%95%86%E5%93%81%E5%88%97%E8%A1%A8
396,396,pzds,MC34QS,0,0,0,0,0,0.0,0,0,0.0,0.0,https://www.pzds.com/goodsDetails/MC34QS/6?from=%E5%95%86%E5%93%81%E5%88%97%E8%A1%A8
397,397,pzds,MCEBYS,0,0,0,0,0,0.0,0,0,0.0,0.0,https://www.pzds.com/goodsDetails/MCEBYS/6?from=%E5%95%86%E5%93%81%E5%88%97%E8%A1%A8
398,398,pzds,MCCXGU,0,0,0,0,0,0.0,0,0,0.0,0.0,https://www.pzds.com/goodsDetails/MCCXGU/6?from=%E5%95%86%E5%93%81%E5%88%97%E8%A1%A8
399,399,pzds,MC3MPZ,0,0,0,0,0,0.0,0,0,0.0,0.0,https://www.pzds.com/goodsDetails/MC3MPZ/6?from=%E5%95%86%E5%93%81%E5%88%97%E8%A1%A8
400,400,7881,201612613540320,300.0,62,0,0,0,0.0,0.0,0.0,0.0,0.0,https://search.7881.com/201612613540320.html
